"p_val","avg_log2FC","pct.1","pct.2","p_val_adj","cluster","gene"
2.97132469937473e-95,0.884056852375071,0.763,0.556,5.0429322797788e-91,"Tip_EC","RGCC"
8.7476491338784e-75,1.14611590772649,0.456,0.322,1.48465101100184e-70,"Tip_EC","INSR"
2.14018072534858e-73,0.806346585725075,0.505,0.365,3.63231472706161e-69,"Tip_EC","TMEM204"
1.5264321820185e-68,0.893059370825979,0.442,0.268,2.59066069932181e-64,"Tip_EC","KDR"
9.38779418375244e-67,0.841748428566128,0.56,0.366,1.59329642886646e-62,"Tip_EC","CD36"
3.08756955191791e-63,0.821215501591121,0.462,0.267,5.24022304351509e-59,"Tip_EC","BTNL9"
2.28542499571569e-61,0.770802151898893,0.591,0.428,3.87882330272866e-57,"Tip_EC","ID2"
4.52080405269747e-57,0.678837173274334,0.634,0.522,7.67270863823814e-53,"Tip_EC","TMEM88"
5.26296610641717e-57,0.648878174145642,0.652,0.545,8.93230607581121e-53,"Tip_EC","FLT1"
6.14801836775003e-55,0.769576070632111,0.387,0.287,1.04344167737453e-50,"Tip_EC","VWA1"
3.53632908317133e-47,0.608124962491705,0.645,0.542,6.00185771995838e-43,"Tip_EC","COL15A1"
6.53852942162666e-47,0.796637381713418,0.281,0.151,1.10971921343848e-42,"Tip_EC","ATOH8"
9.69687848789908e-45,0.632556563327745,0.583,0.447,1.64575421696623e-40,"Tip_EC","RBP7"
1.06801545534373e-43,0.560894712426407,0.627,0.493,1.81263583080938e-39,"Tip_EC","VAMP5"
1.26549303164452e-40,0.800998543725235,0.414,0.268,2.14779477330707e-36,"Tip_EC","CA4"
6.17904440042368e-37,0.660459424004579,0.281,0.159,1.04870741563991e-32,"Tip_EC","PDGFD"
1.99874787927156e-26,0.509948786479596,0.457,0.349,3.39227490069969e-22,"Tip_EC","TM4SF18"
2.519366938691e-24,0.516700772022448,0.407,0.29,4.27586956834637e-20,"Tip_EC","F2RL3"
2.09389268225145e-22,0.210816405829404,0.718,0.609,3.55375466031716e-18,"Tip_EC","SLC9A3R2"
0,2.48152257503002,0.894,0.546,0,"MT1X_EC","MT1X"
0,2.35552865405208,0.729,0.316,0,"MT1X_EC","MT1M"
0,2.10410444294055,0.976,0.83,0,"MT1X_EC","MT2A"
6.22660917244715e-297,1.72280476558434,0.811,0.5,1.05678010874773e-292,"MT1X_EC","MT1E"
2.88005152238397e-245,2.47481558509608,0.422,0.092,4.88802344379007e-241,"MT1X_EC","MT1A"
9.54287706198206e-208,1.15905953936566,0.842,0.526,1.61961709495959e-203,"MT1X_EC","RGCC"
1.48395584316948e-207,1.20917552928573,0.883,0.707,2.51856985702724e-203,"MT1X_EC","SPRY1"
4.42537406313308e-169,1.111721266053,0.801,0.579,7.51074485994947e-165,"MT1X_EC","SOCS3"
3.42652148819254e-162,1.21756090651324,0.551,0.216,5.81549226976037e-158,"MT1X_EC","CA4"
6.13946681043986e-155,1.11992859690955,0.718,0.488,1.04199030706785e-150,"MT1X_EC","APOLD1"
1.95941319993985e-150,1.26804109729254,0.549,0.29,3.32551608293791e-146,"MT1X_EC","CDKN1A"
1.08207061365126e-149,0.739248325774476,0.925,0.812,1.83649024548892e-145,"MT1X_EC","GSN"
2.02482577801936e-149,1.05195550600488,0.902,0.77,3.43653431045445e-145,"MT1X_EC","ZFP36"
1.20306764365637e-138,0.932650920971389,0.827,0.648,2.0418464048136e-134,"MT1X_EC","CAVIN2"
1.59231803151716e-115,0.795943439244461,0.634,0.338,2.70248216309093e-111,"MT1X_EC","CD36"
7.41583001836561e-110,0.88627455133078,0.703,0.472,1.25861467071701e-105,"MT1X_EC","SGK1"
2.29446943677541e-102,1.17082263595256,0.696,0.576,3.89417352809522e-98,"MT1X_EC","EMP1"
1.74512675604908e-93,1.31585029988889,0.486,0.266,2.96182913036649e-89,"MT1X_EC","STC1"
1.13585830293871e-91,0.717278183583779,0.906,0.8,1.92777871174758e-87,"MT1X_EC","FABP5"
7.45254233742014e-89,0.878074049244281,0.601,0.414,1.26484548550695e-84,"MT1X_EC","CEBPD"
2.12376095389831e-87,1.07210602974989,0.34,0.14,3.60444709095621e-83,"MT1X_EC","C11orf96"
3.08942339743032e-82,1.06400300194087,0.523,0.346,5.24336939011875e-78,"MT1X_EC","GADD45B"
2.81584469427318e-74,0.817755174579421,0.517,0.315,4.77905161512044e-70,"MT1X_EC","GYPC"
5.76058696795693e-73,0.741150385981626,0.617,0.428,9.77686820201651e-69,"MT1X_EC","PLPP3"
5.40209198235867e-70,1.41086186456279,0.29,0.135,9.16843051245913e-66,"MT1X_EC","ADM"
1.34604544284103e-69,0.626506907465431,0.703,0.526,2.2845083255898e-65,"MT1X_EC","FLT1"
2.8835052291205e-66,0.643553477916177,0.702,0.562,4.89388507486331e-62,"MT1X_EC","ETS2"
2.36581078156907e-63,0.701631779457409,0.58,0.432,4.01525405847903e-59,"MT1X_EC","FAM107A"
2.63895202564729e-61,0.688197956114566,0.518,0.326,4.47882937792858e-57,"MT1X_EC","TM4SF18"
8.35073429806539e-60,0.854619690607142,0.333,0.176,1.41728662506766e-55,"MT1X_EC","TRIB1"
8.47513203107024e-60,0.813401422964086,0.46,0.305,1.43839940831324e-55,"MT1X_EC","LRRC32"
4.55941045138287e-55,1.16144335168432,0.313,0.158,7.738231418087e-51,"MT1X_EC","AKAP12"
1.3295545928716e-53,0.693239097312405,0.382,0.207,2.25652005502168e-49,"MT1X_EC","OSBPL1A"
4.09248882998325e-52,0.793764417304755,0.446,0.275,6.94577204224758e-48,"MT1X_EC","F2RL3"
3.29327259688996e-51,0.724301285620026,0.384,0.242,5.58934225144164e-47,"MT1X_EC","ARID5A"
5.84967025378478e-49,0.756710153676069,0.27,0.128,9.92806035472353e-45,"MT1X_EC","PLAU"
3.44692040901569e-47,0.540455013727417,0.632,0.497,5.85011331818143e-43,"MT1X_EC","SELENOP"
9.07914736564354e-47,0.72327776511554,0.281,0.167,1.54091289089702e-42,"MT1X_EC","TMEM70"
1.20104839564811e-46,0.576004979312489,0.55,0.44,2.03841933709397e-42,"MT1X_EC","YWHAH"
1.87538156447503e-46,0.733316691027555,0.49,0.34,3.18289759122702e-42,"MT1X_EC","SLC2A3"
8.33697561575571e-46,0.644591635535403,0.53,0.397,1.41495150150606e-41,"MT1X_EC","THBD"
1.29207702677769e-45,0.535641723396202,0.51,0.374,2.1929131298471e-41,"MT1X_EC","GIMAP5"
4.32607851227664e-45,0.426047202493819,0.768,0.616,7.34222045103592e-41,"MT1X_EC","PLPP1"
6.75603334665279e-45,0.658937085845245,0.585,0.43,1.14663397959391e-40,"MT1X_EC","ID2"
8.31779114985251e-45,0.672280070161212,0.214,0.089,1.41169551395297e-40,"MT1X_EC","ITIH5"
2.38897250856466e-42,0.496439290079824,0.636,0.49,4.05456414153593e-38,"MT1X_EC","VAMP5"
1.9129550847453e-40,0.666834508101487,0.224,0.111,3.24666736982972e-36,"MT1X_EC","SLCO4A1"
2.46685140288679e-39,0.502731865293295,0.635,0.52,4.18674020097946e-35,"MT1X_EC","COX17"
1.99167824147876e-38,0.498332942023924,0.568,0.463,3.38027631143775e-34,"MT1X_EC","MAP1LC3B"
3.87142718741012e-38,0.46110202326552,0.439,0.276,6.57058622247245e-34,"MT1X_EC","BTNL9"
1.29676309696172e-37,0.58392761875795,0.352,0.22,2.20086632816342e-33,"MT1X_EC","CSRNP1"
1.87221394001429e-37,0.526825551176887,0.502,0.397,3.17752149899224e-33,"MT1X_EC","CARHSP1"
7.58738293717165e-37,0.80771330379249,0.276,0.159,1.28773063209677e-32,"MT1X_EC","ADAMTS4"
6.65742170966898e-36,0.556554251670192,0.375,0.26,1.12989761256502e-31,"MT1X_EC","SERTAD1"
1.05547269042045e-35,0.630281792650488,0.23,0.112,1.79134825018158e-31,"MT1X_EC","PRDM1"
2.90030754887478e-35,0.614541851355289,0.408,0.279,4.92240197195027e-31,"MT1X_EC","GJA1"
3.13024645510334e-35,0.346571871836215,0.738,0.603,5.31265428360139e-31,"MT1X_EC","CD320"
8.74177278425499e-35,0.587019525215183,0.407,0.296,1.48365367694376e-30,"MT1X_EC","FAM110D"
2.50088329371575e-34,0.574395414494463,0.326,0.217,4.24449912609438e-30,"MT1X_EC","PMP22"
1.12567434425349e-30,0.703752119980785,0.418,0.316,1.91049449706702e-26,"MT1X_EC","FOSB"
1.47196189540504e-30,0.678438184417984,0.199,0.096,2.49821372888144e-26,"MT1X_EC","EDNRB"
4.38864701288125e-30,0.42393498617936,0.634,0.529,7.44841171026205e-26,"MT1X_EC","ITM2A"
1.64901348552042e-28,0.405316868417225,0.582,0.448,2.79870568762526e-24,"MT1X_EC","RBP7"
2.41378123259877e-28,0.371397252311781,0.639,0.52,4.09666950796663e-24,"MT1X_EC","TMEM88"
2.93494776920865e-28,0.502227935191627,0.375,0.266,4.98119335390093e-24,"MT1X_EC","EPHX1"
7.66907355663702e-28,0.47533206541545,0.554,0.452,1.30159516403243e-23,"MT1X_EC","NDRG1"
1.78777751909358e-26,0.475890946426814,0.244,0.135,3.03421600540562e-22,"MT1X_EC","INHBB"
1.73710991513763e-25,0.485645202366586,0.472,0.359,2.94822294797158e-21,"MT1X_EC","BHLHE40"
2.82125121931735e-23,0.382616626290346,0.537,0.436,4.78822756942541e-19,"MT1X_EC","TPM1"
1.52064416216945e-21,0.316582764614821,0.625,0.501,2.580837272034e-17,"MT1X_EC","LIFR"
7.85086639731128e-21,0.434376686729067,0.396,0.286,1.33244904495167e-16,"MT1X_EC","KDR"
2.09340937632071e-20,0.450312186065531,0.515,0.395,3.5529343934915e-16,"MT1X_EC","PRSS1"
2.86226061624262e-16,0.452109495876339,0.37,0.269,4.85782871788697e-12,"MT1X_EC","PNLIP"
5.28792180519783e-15,0.335339440920559,0.434,0.332,8.97466088778176e-11,"MT1X_EC","CLPS"
0,3.9413247389695,0.91,0.123,0,"Venous_EC","ACKR1"
0,2.53961209102137,0.568,0.083,0,"Venous_EC","CPE"
0,1.76105792631586,0.864,0.494,0,"Venous_EC","NPC2"
0,1.74897855952906,0.693,0.217,0,"Venous_EC","PRCP"
0,1.71031717057093,0.405,0.02,0,"Venous_EC","SELP"
4.94065645841247e-324,1.82111746750469,0.549,0.116,8.38528214121764e-320,"Venous_EC","NR2F2"
6.13203516231413e-294,1.69677234607228,0.332,0.019,1.04072900774795e-289,"Venous_EC","MADCAM1"
9.70557376998378e-261,1.45293515133459,0.272,0.01,1.64722998024165e-256,"Venous_EC","MMRN1"
6.8334829561205e-258,1.44957004043694,0.699,0.299,1.15977872731277e-253,"Venous_EC","DUSP23"
3.05948994386513e-247,1.1658160437854,0.25,0.007,5.1925663327279e-243,"Venous_EC","RAB3C"
9.37201035386093e-245,1.2933668801376,0.358,0.044,1.59061759725728e-240,"Venous_EC","LRRC1"
2.8930839934214e-242,1.31855078519389,0.521,0.133,4.91014215363481e-238,"Venous_EC","IL33"
4.71475097539849e-241,1.16427834515787,0.713,0.294,8.00187535544631e-237,"Venous_EC","NNMT"
3.00659080240522e-231,1.50835442164065,0.556,0.181,5.10278590984214e-227,"Venous_EC","CTSC"
8.69250743030303e-229,1.65387869389435,0.335,0.041,1.47529236107103e-224,"Venous_EC","C7"
1.66626377895979e-226,1.78557060148773,0.762,0.428,2.82798288565056e-222,"Venous_EC","CCL14"
2.02234003743056e-225,1.37191142583485,0.492,0.128,3.43231551152715e-221,"Venous_EC","IL1R1"
5.59780204567283e-218,1.27097532454923,0.651,0.274,9.50058963191593e-214,"Venous_EC","TSPAN7"
1.45859727209456e-213,1.29449575484129,0.808,0.516,2.47553129019888e-209,"Venous_EC","ADIRF"
1.27603050625766e-205,0.974389828657525,0.879,0.604,2.1656789752205e-201,"Venous_EC","TIMP1"
1.74553630664521e-199,1.49485233214618,0.526,0.181,2.96252421963825e-195,"Venous_EC","TFPI"
1.6904380948799e-196,1.23456077199025,0.25,0.02,2.86901153463017e-192,"Venous_EC","ADGRG6"
8.16134720763024e-193,1.88263133081592,0.281,0.034,1.38514384807901e-188,"Venous_EC","POSTN"
8.18810218238202e-191,1.13896010864774,0.581,0.221,1.38968470239388e-186,"Venous_EC","ACTN1"
4.55092991772045e-190,1.07751528853272,0.221,0.012,7.72383825635515e-186,"Venous_EC","TLL1"
3.48239380815062e-184,1.39071996504768,0.328,0.058,5.91031877119323e-180,"Venous_EC","TMEM176A"
2.56268041753972e-175,1.28016761845511,0.588,0.274,4.34938120464841e-171,"Venous_EC","ARL4A"
7.28310545966778e-174,1.27634148106518,0.34,0.068,1.23608865861482e-169,"Venous_EC","TMEM176B"
2.32045737146047e-160,0.817575083221395,0.923,0.724,3.93828025084271e-156,"Venous_EC","HLA-DRA"
1.27289606098632e-146,1.30454812621795,0.19,0.015,2.16035919470598e-142,"Venous_EC","CCL23"
3.2349580073492e-144,1.37223454802654,0.648,0.371,5.49037073007306e-140,"Venous_EC","CLU"
3.46231075852553e-144,1.44606071845184,0.372,0.107,5.87623381936953e-140,"Venous_EC","PTGDS"
1.0404451181804e-142,1.23687256420098,0.371,0.104,1.76584345457577e-138,"Venous_EC","APLNR"
8.3324182242845e-141,0.984993725828829,0.278,0.053,1.41417802102556e-136,"Venous_EC","HAPLN3"
2.6185463549802e-136,0.987933879744669,0.758,0.461,4.44419687367239e-132,"Venous_EC","CLDN5"
7.17138632686397e-135,0.947777057406957,0.357,0.099,1.21712768739535e-130,"Venous_EC","OLFM1"
8.77914843940028e-126,0.947237078012429,0.791,0.536,1.48999707313502e-121,"Venous_EC","VWF"
2.56014717372108e-125,1.00635633857043,0.284,0.065,4.34508178323942e-121,"Venous_EC","LYST"
5.03454106510223e-122,0.806656737764291,0.218,0.034,8.54462309569151e-118,"Venous_EC","CSF2RB"
1.71040673461037e-119,0.651436454172546,0.908,0.774,2.90290230998072e-115,"Venous_EC","FKBP1A"
3.08425838286773e-114,0.752803428574794,0.504,0.223,5.23460332740312e-110,"Venous_EC","KCTD12"
4.76113922074576e-109,0.750006418103339,0.465,0.197,8.08060548544971e-105,"Venous_EC","RASA4"
6.06206254564051e-107,0.809537473981365,0.457,0.193,1.02885325524611e-102,"Venous_EC","MARCKS"
1.21576927785833e-106,0.88272965033138,0.44,0.181,2.06340361838115e-102,"Venous_EC","CEMIP2"
2.72329509673396e-103,0.799675177310026,0.269,0.07,4.62197643817688e-99,"Venous_EC","LPCAT4"
3.02238149504935e-101,0.840948757151094,0.516,0.252,5.12958587339776e-97,"Venous_EC","SNCG"
1.10533372081437e-100,0.626935444880444,0.87,0.723,1.87597239096615e-96,"Venous_EC","CST3"
1.01534633072704e-97,0.721863725602022,0.739,0.494,1.72324579250994e-93,"Venous_EC","PABPC1"
4.07264647114989e-97,0.906643987968587,0.316,0.103,6.9120955908356e-93,"Venous_EC","HLA-DQA1"
2.13516474707205e-96,0.623648429034296,0.134,0.012,3.62380160873069e-92,"Venous_EC","CLEC7A"
1.94973293973069e-94,0.789136335311446,0.65,0.401,3.30908674531092e-90,"Venous_EC","HMGN3"
5.92167166096111e-92,0.629245186192543,0.144,0.016,1.00502611429832e-87,"Venous_EC","TIAM1"
8.8704010594139e-92,0.780628437065821,0.554,0.296,1.50548446780373e-87,"Venous_EC","MARCKSL1"
4.62471876728224e-90,0.787295124518796,0.566,0.31,7.84907269183141e-86,"Venous_EC","NAMPT"
2.57294442441907e-89,0.786207789964362,0.26,0.074,4.36680127712405e-85,"Venous_EC","STAB1"
5.28872332651694e-89,0.943854621402964,0.432,0.205,8.97602122976455e-85,"Venous_EC","TGM2"
1.25188747738666e-88,0.701865699164519,0.333,0.122,2.12470342662063e-84,"Venous_EC","TPD52L1"
3.78591060398824e-88,0.791276005666296,0.72,0.532,6.42544747708884e-84,"Venous_EC","ZNF385D"
1.03895101337762e-87,0.644882408869699,0.128,0.012,1.76330765990449e-83,"Venous_EC","EPB41L3"
8.23987893967851e-87,0.956421205174062,0.57,0.332,1.39847225364224e-82,"Venous_EC","NCOA7"
4.66319699670721e-86,0.748277019410801,0.199,0.043,7.91437794281147e-82,"Venous_EC","ROBO1"
7.709943783194e-86,0.989577403085851,0.208,0.048,1.30853165888369e-81,"Venous_EC","CYP1B1"
1.33232743537586e-84,0.785958646480845,0.394,0.17,2.26122612331992e-80,"Venous_EC","TGFBR3"
1.7179051062581e-84,0.730400782648342,0.332,0.125,2.91562854634124e-80,"Venous_EC","SMAD1"
2.31267603056842e-84,0.67359613796553,0.411,0.182,3.92507375908072e-80,"Venous_EC","ENTPD1"
3.46547671806849e-84,0.689200998039234,0.36,0.144,5.88160708590584e-80,"Venous_EC","SHC1"
5.29214454956426e-84,0.677324414076301,0.235,0.064,8.98182772952047e-80,"Venous_EC","MYOF"
1.08059490528114e-83,0.717239263045368,0.526,0.279,1.83398567324315e-79,"Venous_EC","SH3BP5"
1.16693463285757e-83,0.69646300939661,0.703,0.472,1.98052145888587e-79,"Venous_EC","HLA-DPB1"
2.04882582512569e-83,0.816597155772488,0.282,0.094,3.47726719040333e-79,"Venous_EC","PRXL2A"
5.09286931750769e-83,0.582527345563997,0.164,0.029,8.64361780567404e-79,"Venous_EC","LHX6"
5.73638079648542e-83,0.581425599880745,0.592,0.34,9.73578548779506e-79,"Venous_EC","TSHZ2"
5.98364293308703e-82,0.652916056992642,0.756,0.549,1.01554387860353e-77,"Venous_EC","SDCBP"
2.22921775325656e-80,0.699712973222222,0.442,0.212,3.78342837082703e-76,"Venous_EC","THSD7A"
7.9008669728163e-79,0.781236060930215,0.242,0.072,1.34093514262638e-74,"Venous_EC","CNTNAP3B"
1.28239328055829e-78,0.687120033276074,0.258,0.081,2.17647787576353e-74,"Venous_EC","FAM171A1"
6.21307127754041e-78,0.616770309505491,0.201,0.051,1.05448245722416e-73,"Venous_EC","CPXM2"
3.60310214527851e-77,0.732493166486342,0.294,0.106,6.11518496096669e-73,"Venous_EC","RALGAPA2"
1.16626517447771e-76,0.612254664998841,0.156,0.028,1.97938525412357e-72,"Venous_EC","MYRIP"
2.56647250163844e-76,0.727711782815055,0.244,0.075,4.35581712978075e-72,"Venous_EC","FOXC1"
2.43051005968541e-75,0.671351415593929,0.308,0.117,4.12506167329807e-71,"Venous_EC","DAAM1"
2.66513963959917e-75,0.619803364211143,0.672,0.437,4.5232749963277e-71,"Venous_EC","JAM2"
4.99473096053295e-75,0.732074260455432,0.424,0.205,8.47705738621653e-71,"Venous_EC","SLC38A2"
6.28299689245698e-75,0.483582966122876,0.178,0.043,1.0663502325878e-70,"Venous_EC","MEOX1"
2.58519471218967e-74,0.720991358876753,0.356,0.153,4.38759246552832e-70,"Venous_EC","RAI14"
1.06202153239921e-73,0.542303403222775,0.132,0.02,1.80246294478794e-69,"Venous_EC","LEF1"
1.11318712728751e-73,0.768260244613146,0.332,0.136,1.88930119243236e-69,"Venous_EC","HHEX"
2.1499632900917e-73,0.623056389714963,0.759,0.55,3.64891769594364e-69,"Venous_EC","HLA-DPA1"
7.00009215304195e-73,0.705082871982447,0.579,0.353,1.18805564021428e-68,"Venous_EC","FOXP1"
1.48240158395821e-71,0.64257253045646,0.304,0.119,2.51593196829388e-67,"Venous_EC","TNFRSF6B"
1.73445842706477e-71,0.590146780047176,0.69,0.464,2.94372284241434e-67,"Venous_EC","IL6ST"
5.19577107902106e-71,0.57903124885307,0.112,0.012,8.81826267531454e-67,"Venous_EC","CDKN3"
5.37864836746214e-70,1.21544794809626,0.12,0.016,9.12864200925675e-66,"Venous_EC","SELE"
3.05017800020858e-68,0.639659426470667,0.39,0.185,5.17676210195399e-64,"Venous_EC","PKP4"
3.94145226573308e-68,0.576526389145779,0.218,0.066,6.68943278540218e-64,"Venous_EC","C1orf21"
6.83223786169337e-68,0.437702850892174,0.272,0.102,1.1595674098866e-63,"Venous_EC","CALML4"
1.05891422026797e-67,0.635435976068266,0.12,0.017,1.79718921463879e-63,"Venous_EC","CTTNBP2"
2.3927882262895e-67,0.652087652699759,0.79,0.622,4.06104017765854e-63,"Venous_EC","HLA-DRB1"
5.97427429261701e-67,0.653237098786656,0.321,0.136,1.01395383294296e-62,"Venous_EC","ASPH"
4.05715046841676e-66,0.621731362598455,0.523,0.302,6.88579577499693e-62,"Venous_EC","PCDH17"
1.36956526976481e-65,0.553168694832671,0.166,0.039,2.32442617584484e-61,"Venous_EC","PTAFR"
5.89517497401803e-65,0.571520500305302,0.67,0.453,1.00052909659034e-60,"Venous_EC","ECSCR"
2.62390675657425e-64,0.662020483571119,0.292,0.119,4.45329454725781e-60,"Venous_EC","ATP8B1"
3.41743807091745e-64,0.587975893880232,0.442,0.235,5.8000758939611e-60,"Venous_EC","DIPK2B"
4.4792891092424e-64,0.709780528061302,0.26,0.097,7.6022494762062e-60,"Venous_EC","CNKSR3"
1.00995787846511e-62,0.546300747271061,0.657,0.438,1.71410051133098e-58,"Venous_EC","CALCRL"
1.84490943363036e-62,0.579161962405751,0.2,0.061,3.13118029075745e-58,"Venous_EC","ZNF521"
2.11294726721465e-62,0.52079295583586,0.13,0.024,3.5860941019167e-58,"Venous_EC","KLHL3"
1.10418411280944e-61,0.466590656429868,0.831,0.65,1.87402127626019e-57,"Venous_EC","TGFBR2"
1.52290461909146e-61,0.644340548591621,0.672,0.476,2.58467371952202e-57,"Venous_EC","LY6E"
1.54089172349684e-61,0.586630423270442,0.394,0.199,2.61520143311884e-57,"Venous_EC","LY96"
9.21908220802055e-61,0.52855249043075,0.25,0.095,1.56466263234525e-56,"Venous_EC","PPP2R5A"
1.1342836522213e-60,0.568775740182963,0.701,0.512,1.92510621454999e-56,"Venous_EC","EEF1B2"
4.94126193714057e-60,0.651229322847599,0.252,0.096,8.38630975971497e-56,"Venous_EC","TSPAN6"
1.46175008950032e-59,0.63367086927915,0.473,0.268,2.48088225189994e-55,"Venous_EC","MRTFB"
2.98875206163496e-59,0.582201195959571,0.137,0.029,5.07250999900685e-55,"Venous_EC","SESN3"
4.29887157954623e-59,0.56562675984421,0.184,0.054,7.29604484480586e-55,"Venous_EC","TBC1D4"
6.39971137704489e-59,0.592208397501766,0.374,0.186,1.08615901491206e-54,"Venous_EC","MPZL2"
9.59455887115032e-59,0.614856295039087,0.282,0.119,1.62838853161163e-54,"Venous_EC","RBP5"
1.19286585748546e-57,0.536282848193369,0.3,0.133,2.02453193332433e-53,"Venous_EC","COTL1"
3.75260161531303e-57,0.589514998649694,0.404,0.213,6.36891546150928e-53,"Venous_EC","CFI"
6.96823624333299e-57,0.585729467023559,0.228,0.085,1.18264905521848e-52,"Venous_EC","FBLN2"
8.88068487195998e-57,0.96965952455634,0.156,0.042,1.50722983646905e-52,"Venous_EC","VCAM1"
9.29857902871651e-57,0.561958005315442,0.218,0.077,1.57815483275377e-52,"Venous_EC","TESC"
1.19800596577962e-56,0.482405463750719,0.258,0.106,2.03325572512117e-52,"Venous_EC","ST6GAL1"
8.36015669678434e-56,0.369790325386516,0.46,0.272,1.41888579457824e-51,"Venous_EC","CFH"
1.30580262533431e-55,0.588836544064724,0.37,0.188,2.21620821571739e-51,"Venous_EC","RELL1"
4.36179741656013e-55,0.55675938438543,0.326,0.154,7.40284257538584e-51,"Venous_EC","ITGB4"
7.72368689448659e-55,0.535106918334074,0.672,0.477,1.31086413973226e-50,"Venous_EC","ZFP36L1"
1.70673924817979e-54,0.526117849030971,0.761,0.589,2.89667785201073e-50,"Venous_EC","PDLIM1"
2.29476002065378e-54,0.507145775001113,0.389,0.207,3.8946667070536e-50,"Venous_EC","CD55"
2.42950382951313e-54,0.521321617886795,0.182,0.057,4.12335389944968e-50,"Venous_EC","DOC2B"
5.14689117079227e-54,0.349271180773027,0.883,0.726,8.73530369506863e-50,"Venous_EC","PECAM1"
1.07982640183176e-53,0.512083481980875,0.753,0.591,1.83268136918886e-49,"Venous_EC","GNG5"
3.24537021032307e-53,0.516705319154979,0.175,0.053,5.50804232096032e-49,"Venous_EC","SLC40A1"
3.18249445166818e-52,0.540678204419579,0.204,0.072,5.40132958337124e-48,"Venous_EC","KRT222"
4.04566492600331e-52,0.576681158682814,0.245,0.099,6.86630251241282e-48,"Venous_EC","SPTLC2"
1.25981084762494e-51,0.334148134549691,0.717,0.523,2.13815097058904e-47,"Venous_EC","CD93"
1.74210343058937e-51,0.58411173986269,0.4,0.219,2.95669794239628e-47,"Venous_EC","UGCG"
3.55661527617369e-51,0.47691154583809,0.219,0.085,6.03628744672198e-47,"Venous_EC","CD109"
5.51040604835432e-51,0.587748216311958,0.202,0.071,9.35226114526695e-47,"Venous_EC","ST8SIA4"
1.74855633639103e-50,0.518654909725805,0.253,0.107,2.96764981412286e-46,"Venous_EC","TCN2"
2.97075514856058e-50,0.512950410662043,0.283,0.129,5.04196563813702e-46,"Venous_EC","SEMA6A"
8.90174009806936e-50,0.45242047704206,0.622,0.426,1.51080332944433e-45,"Venous_EC","TNFRSF1A"
3.10277985902387e-49,0.447791840521799,0.872,0.747,5.26603797673531e-45,"Venous_EC","IGFBP4"
1.14728995527673e-48,0.53431328574389,0.35,0.181,1.94718051209567e-44,"Venous_EC","HIPK3"
3.03481271053523e-48,0.435239245806733,0.766,0.587,5.1506841323204e-44,"Venous_EC","RAMP3"
3.04972897847594e-48,0.443262037250416,0.384,0.212,5.17600002226936e-44,"Venous_EC","SNTB2"
8.41038009451843e-48,0.564931822760205,0.18,0.061,1.42740970964167e-43,"Venous_EC","PLA1A"
1.41470276503924e-47,0.322931376702329,0.91,0.807,2.4010335328246e-43,"Venous_EC","GAPDH"
7.31235672172538e-47,0.465575954696909,0.561,0.371,1.24105318281123e-42,"Venous_EC","CLEC2B"
9.87554162683329e-47,0.493658334571474,0.344,0.18,1.67607692490615e-42,"Venous_EC","REV3L"
1.01104609816693e-46,0.691696350432481,0.334,0.172,1.71594743780892e-42,"Venous_EC","ICAM1"
1.22096279127428e-46,0.539960695377075,0.446,0.266,2.0722180493507e-42,"Venous_EC","HIF1A"
1.46988507188164e-46,0.472415437832248,0.342,0.18,2.49468894399752e-42,"Venous_EC","SERPINB1"
1.33671407157824e-45,0.470730855921623,0.531,0.345,2.26867112228258e-41,"Venous_EC","HLA-DMA"
1.6975509557884e-45,0.503709887020915,0.458,0.278,2.88108348216407e-41,"Venous_EC","MALL"
1.87936011157983e-45,0.525427356080912,0.347,0.184,3.18964998137328e-41,"Venous_EC","GBP2"
6.09380785801417e-45,0.621224199151753,0.342,0.182,1.03424106966216e-40,"Venous_EC","ATP2B1"
6.13988742934187e-45,0.458966794355171,0.23,0.097,1.0420616945079e-40,"Venous_EC","GNG12"
2.10229647357809e-44,0.53048174668594,0.403,0.233,3.56801757495674e-40,"Venous_EC","CTNNAL1"
3.47396076397269e-44,0.495234092407988,0.338,0.18,5.89600620861445e-40,"Venous_EC","MDK"
7.42716636272784e-44,0.523985281748769,0.284,0.138,1.26053867508217e-39,"Venous_EC","RHOJ"
1.8852162984694e-43,0.450705330815937,0.501,0.322,3.19958910176227e-39,"Venous_EC","ELK3"
2.06190395574404e-43,0.528537350015054,0.421,0.25,3.49946339368879e-39,"Venous_EC","PIM3"
5.4762540258261e-43,0.403308885791454,0.174,0.065,9.29429833263205e-39,"Venous_EC","LRATD2"
4.42645024781641e-42,0.635598898537401,0.28,0.137,7.51257136059401e-38,"Venous_EC","ADM5"
6.0819321549286e-42,0.411862576150207,0.553,0.374,1.03222552533448e-37,"Venous_EC","ITGA6"
1.66407387418358e-41,0.472537266741667,0.341,0.187,2.82426617926437e-37,"Venous_EC","PPP3CA"
1.88837594907429e-41,0.425083917685991,0.613,0.436,3.20495166076888e-37,"Venous_EC","PTMS"
5.51377012408025e-41,0.480405907465257,0.289,0.146,9.357970654589e-37,"Venous_EC","CTSS"
6.13637905245583e-41,0.493167868230853,0.232,0.103,1.0414662527828e-36,"Venous_EC","SEPTIN6"
8.90260813723555e-41,0.352440321755589,0.188,0.073,1.51095065305162e-36,"Venous_EC","RASA4B"
9.53601231103854e-41,0.397686661721466,0.298,0.156,1.61845200942946e-36,"Venous_EC","CYTH1"
7.14826788475506e-40,0.851186529308858,0.25,0.131,1.21320402540063e-35,"Venous_EC","SERPINA3"
1.16584222582107e-39,0.310954096517948,0.285,0.154,1.97866742566352e-35,"Venous_EC","CCDC69"
1.92355880379703e-39,0.384269291231106,0.215,0.098,3.26466400180432e-35,"Venous_EC","NEURL1B"
2.27110748339669e-39,0.334950979940612,0.264,0.137,3.85452362082087e-35,"Venous_EC","C1R"
1.10159733837046e-38,0.367074496789359,0.734,0.571,1.86963100268234e-34,"Venous_EC","LDHA"
1.50771844659198e-38,0.479618615350014,0.188,0.076,2.55889974755591e-34,"Venous_EC","SLC29A1"
1.69983925220801e-38,0.318156036455974,0.256,0.134,2.88496717884743e-34,"Venous_EC","ADGRL2"
2.49730348733684e-38,0.572467824886551,0.312,0.169,4.23842347870808e-34,"Venous_EC","LITAF"
4.16569814832288e-38,0.508934695101659,0.626,0.462,7.07002289733359e-34,"Venous_EC","KLF6"
1.45979099294238e-37,0.433395009833991,0.166,0.064,2.47755727322181e-33,"Venous_EC","CCDC68"
1.58467303645049e-37,0.404885762696057,0.484,0.318,2.68950707746377e-33,"Venous_EC","NKTR"
1.59845190748602e-37,0.417694777409166,0.693,0.536,2.71289257738527e-33,"Venous_EC","SLC25A6"
2.2753785857725e-37,0.484683128335582,0.191,0.08,3.86177253577309e-33,"Venous_EC","FKBP11"
2.30741500699824e-37,0.388373500745028,0.228,0.109,3.91614474987742e-33,"Venous_EC","NRP2"
2.67716654049552e-37,0.401213961225587,0.79,0.643,4.54368705252899e-33,"Venous_EC","RNASE1"
3.74885290119258e-37,0.430063061032043,0.492,0.327,6.36255314390405e-33,"Venous_EC","PPIC"
7.92625905271494e-37,0.36035428759219,0.242,0.122,1.34524468642678e-32,"Venous_EC","SPNS2"
8.369926667168e-37,0.415746097071212,0.22,0.101,1.42054395395175e-32,"Venous_EC","GNS"
1.0166113048758e-36,0.43569819509201,0.194,0.082,1.72539270663521e-32,"Venous_EC","MCUB"
1.06282477661752e-36,0.380534550869518,0.733,0.584,1.80382621087525e-32,"Venous_EC","EEF2"
1.18997276580165e-36,0.451012657105067,0.285,0.15,2.01962177811856e-32,"Venous_EC","GNB4"
1.74989431145432e-36,0.385301204627683,0.22,0.103,2.96992062540028e-32,"Venous_EC","RAB27A"
3.52270650832873e-36,0.45691810847769,0.432,0.274,5.97873748593553e-32,"Venous_EC","ADAMTS9"
3.67967582244716e-36,0.364433092054151,0.364,0.218,6.24514580585731e-32,"Venous_EC","LMO2"
1.29093042732462e-35,0.42196987007925,0.378,0.228,2.19096712125534e-31,"Venous_EC","CMIP"
2.35765520904078e-35,0.373966097033938,0.61,0.445,4.00141242078401e-31,"Venous_EC","WSB1"
3.69682152324956e-35,0.402699025166352,0.234,0.114,6.27424548925916e-31,"Venous_EC","ALDH1A1"
4.1602883874824e-35,0.590397908527467,0.274,0.143,7.06084145123513e-31,"Venous_EC","ARRDC3"
4.72242149755767e-35,0.426708826223679,0.217,0.103,8.01489376565487e-31,"Venous_EC","TFF3"
6.35959995818148e-35,0.378151562766266,0.272,0.145,1.07935130490256e-30,"Venous_EC","F2R"
9.95524967219261e-35,0.392603014566,0.356,0.214,1.68960497436453e-30,"Venous_EC","HLA-DQB1"
9.96725508743722e-35,0.293938887615005,0.444,0.295,1.69164253343984e-30,"Venous_EC","GASK1B"
1.02436894749993e-34,0.44510945519728,0.654,0.501,1.73855897769689e-30,"Venous_EC","TPM3"
1.46568639456594e-34,0.359348154564707,0.644,0.483,2.48756294885731e-30,"Venous_EC","ARPC1B"
1.61261068953698e-34,0.427295211560425,0.512,0.352,2.73692286228217e-30,"Venous_EC","BMPR2"
9.37711734123761e-34,0.301661550940008,0.736,0.582,1.59148435515485e-29,"Venous_EC","SELENOW"
1.3576748324803e-33,0.334585907518788,0.796,0.66,2.30424572568556e-29,"Venous_EC","OST4"
1.37372874063844e-33,0.41895149894585,0.376,0.23,2.33149241861157e-29,"Venous_EC","AHR"
2.82575255859485e-33,0.313118528219474,0.457,0.307,4.79586724244717e-29,"Venous_EC","PKM"
4.14506204600092e-33,0.362992355312366,0.32,0.186,7.03499930447276e-29,"Venous_EC","CPLX1"
9.79216645997146e-33,0.287732155497534,0.215,0.111,1.66192649158636e-28,"Venous_EC","MATN2"
9.93192440475346e-33,0.356948047870802,0.274,0.149,1.68564620997476e-28,"Venous_EC","ABLIM1"
1.02489667955305e-32,0.261648723851621,0.232,0.126,1.73945464453743e-28,"Venous_EC","TMEM273"
2.47490454070104e-32,0.317155899912394,0.703,0.551,4.20040798647781e-28,"Venous_EC","TPM4"
2.75072381494019e-32,0.302489634500619,0.256,0.139,4.66852845871648e-28,"Venous_EC","EVL"
5.82949979597744e-32,0.352552331680611,0.193,0.091,9.89382705373291e-28,"Venous_EC","FBN1"
6.81655774544894e-32,0.358508750974035,0.629,0.473,1.15690618055759e-27,"Venous_EC","NOP10"
1.26982438217606e-31,0.324599935170983,0.363,0.229,2.15514594142921e-27,"Venous_EC","SULF2"
1.65235006759776e-31,0.395726878948838,0.26,0.14,2.80436853472692e-27,"Venous_EC","NFAT5"
1.8461568359689e-31,0.452607549130172,0.32,0.188,3.13329738200642e-27,"Venous_EC","SOX4"
2.1920788329603e-31,0.441576825014062,0.204,0.097,3.72039619530022e-27,"Venous_EC","BIRC3"
3.51339747835124e-31,0.34434433818175,0.469,0.318,5.96293820025773e-27,"Venous_EC","TOMM5"
3.90960240809668e-31,0.438101496092872,0.52,0.368,6.63537720702169e-27,"Venous_EC","VMP1"
6.29103881758775e-31,0.344918392685054,0.477,0.327,1.06771510812099e-26,"Venous_EC","CDC42EP3"
7.21142303985616e-31,0.332670547417292,0.638,0.485,1.22392271832439e-26,"Venous_EC","YBX3"
1.16223531674249e-30,0.399411747803846,0.198,0.094,1.97254577957535e-26,"Venous_EC","PDLIM4"
1.1733864575969e-30,0.372550637022467,0.224,0.113,1.99147149583345e-26,"Venous_EC","LGALS9"
1.31474078698012e-30,0.412792048378427,0.317,0.186,2.23137806366267e-26,"Venous_EC","NFE2L1"
1.68143858242144e-30,0.470426999316325,0.316,0.185,2.85373756208566e-26,"Venous_EC","LIMS1"
2.20043834797192e-30,0.408246589885079,0.222,0.111,3.73458396417794e-26,"Venous_EC","AGPAT2"
2.49318174830989e-30,0.41401155938821,0.217,0.108,4.23142806323155e-26,"Venous_EC","CLIP1"
4.44882746130714e-30,0.354096834129844,0.695,0.55,7.55054996733049e-26,"Venous_EC","EIF3E"
4.72265012539416e-30,0.308984867432422,0.392,0.255,8.01528179281897e-26,"Venous_EC","TAPBP"
4.97752327336354e-30,0.236436590324132,0.709,0.562,8.4478524995526e-26,"Venous_EC","TXN"
1.46829568089696e-29,0.366963113904476,0.426,0.284,2.49199142961833e-25,"Venous_EC","ECE1"
1.51044446221862e-29,0.24469237306456,0.763,0.623,2.56352634127745e-25,"Venous_EC","IFI16"
1.5213473427374e-29,0.359127352431837,0.231,0.12,2.58203071009392e-25,"Venous_EC","DRAM2"
1.78125442495574e-29,0.153184559636926,0.295,0.176,3.02314501003488e-25,"Venous_EC","IER3"
1.94655174955465e-29,0.322261786306292,0.246,0.135,3.30368762934415e-25,"Venous_EC","TPST2"
2.86871020355173e-29,0.30080501399453,0.455,0.313,4.868774957468e-25,"Venous_EC","GSTK1"
3.85700839631214e-29,0.350568392493869,0.324,0.197,6.54611465022097e-25,"Venous_EC","CNIH1"
4.95390590174115e-29,0.179135630649551,0.555,0.419,8.40776909643508e-25,"Venous_EC","PLSCR1"
6.16857849673565e-29,0.337104641254812,0.711,0.572,1.04693114246597e-24,"Venous_EC","COMMD6"
7.66374921726659e-29,0.263001952527423,0.565,0.418,1.30069151715448e-24,"Venous_EC","SERBP1"
9.94032435492208e-29,0.278753484218724,0.362,0.234,1.68707184951738e-24,"Venous_EC","ERG"
1.54131014365885e-28,0.262387415362009,0.77,0.636,2.6159115758178e-24,"Venous_EC","SH3BGRL3"
2.27507953461714e-28,0.43574022802928,0.233,0.123,3.86126498615221e-24,"Venous_EC","LEPR"
2.34045673254705e-28,0.284195795594245,0.728,0.587,3.97222316647886e-24,"Venous_EC","ATP5MC2"
5.3095249285269e-28,0.23524599697473,0.852,0.733,9.01132570869585e-24,"Venous_EC","PPIA"
6.87329656925122e-28,0.271828690291556,0.721,0.581,1.16653589373332e-23,"Venous_EC","LMNA"
8.05424496253441e-28,0.441831795729904,0.372,0.239,1.36696645504134e-23,"Venous_EC","MBNL1"
8.16572280577718e-28,0.16344904537247,0.441,0.316,1.3858864745965e-23,"Venous_EC","NRP1"
1.03205391259916e-27,0.30227284837971,0.557,0.412,1.7516019004633e-23,"Venous_EC","PCBP2"
1.04284324964036e-27,0.301769888555468,0.293,0.176,1.76991356328962e-23,"Venous_EC","FNIP2"
1.84864537865846e-27,0.235455023141744,0.861,0.752,3.13752093665914e-23,"Venous_EC","UQCRB"
2.64309291630581e-27,0.377753438705313,0.359,0.229,4.48585729755422e-23,"Venous_EC","HTRA1"
2.98571775458846e-27,0.214576509095719,0.422,0.294,5.06736017308754e-23,"Venous_EC","ITGA5"
3.33340571662936e-27,0.344853373893887,0.379,0.248,5.65745618226335e-23,"Venous_EC","CCDC50"
3.91271102341447e-27,0.239666873083621,0.418,0.29,6.64065314893904e-23,"Venous_EC","NBDY"
4.31872451811571e-27,0.275533838707327,0.692,0.552,7.32973925214599e-23,"Venous_EC","SEM1"
5.16571572611456e-27,0.329294831377485,0.218,0.116,8.76725273036163e-23,"Venous_EC","ABCD4"
5.52626284858093e-27,0.292050003970035,0.628,0.485,9.37917330661156e-23,"Venous_EC","RAB13"
1.04506272299368e-26,0.344316126919101,0.504,0.363,1.77368045346487e-22,"Venous_EC","GRN"
1.45467609280874e-26,0.35063382113318,0.505,0.364,2.468876264715e-22,"Venous_EC","SEC11A"
1.57022694226081e-26,0.348448491978268,0.457,0.319,2.66498916640504e-22,"Venous_EC","NUCB1"
1.65491090170243e-26,0.249883776467894,0.392,0.267,2.80871478236937e-22,"Venous_EC","PIK3C2A"
1.78890147780831e-26,0.303677911943905,0.262,0.152,3.03612358813627e-22,"Venous_EC","HDGFL3"
2.03477827093313e-26,0.206761033814748,0.69,0.552,3.4534256814277e-22,"Venous_EC","FXYD5"
2.12475265894375e-26,0.211337354510687,0.494,0.363,3.60613021275934e-22,"Venous_EC","SOCS2"
2.72003282988448e-26,0.277564400276729,0.292,0.178,4.61643971887993e-22,"Venous_EC","MYCBP2"
5.20038204169925e-26,0.267266242276581,0.418,0.291,8.82608840117196e-22,"Venous_EC","RBMS1"
5.21231304497115e-26,0.174936511521876,0.503,0.375,8.84633769992504e-22,"Venous_EC","HMGN2"
5.3345094785735e-26,0.363979237041246,0.306,0.187,9.05372948703494e-22,"Venous_EC","PHIP"
5.43153289706643e-26,0.237654244434291,0.418,0.293,9.21839763290115e-22,"Venous_EC","RBIS"
6.1821575254554e-26,0.288958559678617,0.499,0.361,1.04923577522029e-21,"Venous_EC","EIF4B"
6.32386036909541e-26,0.429615196439624,0.263,0.151,1.07328558184287e-21,"Venous_EC","CSRP2"
6.5440471370369e-26,0.24878495561106,0.806,0.683,1.1106556800979e-21,"Venous_EC","HSP90AB1"
7.26478210764678e-26,0.353359074635189,0.26,0.149,1.23297881930981e-21,"Venous_EC","LAMC1"
7.93569800471643e-26,0.356473331084526,0.613,0.474,1.34684666536047e-21,"Venous_EC","ENY2"
8.87746139729938e-26,0.292894858623929,0.698,0.564,1.50668274834965e-21,"Venous_EC","NOP53"
9.86666842872941e-26,0.263512795099428,0.657,0.519,1.67457096572396e-21,"Venous_EC","NAP1L1"
3.1423266037311e-25,0.320178974969219,0.485,0.349,5.33315671185242e-21,"Venous_EC","SNRPF"
3.49107430904313e-25,0.375661690593329,0.236,0.132,5.925051317308e-21,"Venous_EC","MEIS2"
7.74590762143482e-25,0.245308425928094,0.58,0.445,1.31463544150992e-20,"Venous_EC","ZBTB20"
1.00003736244973e-24,0.289866510148709,0.371,0.25,1.69726341154968e-20,"Venous_EC","MACF1"
1.0382188696711e-24,0.267005678504499,0.275,0.169,1.7620650656058e-20,"Venous_EC","TRIM22"
1.12381781745315e-24,0.363439795818741,0.5,0.365,1.90734359978148e-20,"Venous_EC","TNFSF10"
2.95683150413494e-24,0.288251238755193,0.332,0.215,5.01833442881782e-20,"Venous_EC","SUN1"
3.11644569112921e-24,0.352889407097294,0.258,0.151,5.2892316269845e-20,"Venous_EC","RAPGEF5"
3.7149955173429e-24,0.33556211034322,0.241,0.139,6.30509039203436e-20,"Venous_EC","DPYSL3"
4.70719536980895e-24,0.295349402516221,0.318,0.204,7.98905198163975e-20,"Venous_EC","SKAP2"
5.89984924828861e-24,0.289106395561824,0.288,0.181,1.00132241441954e-19,"Venous_EC","C4orf48"
5.96069141180368e-24,0.27493407454351,0.396,0.275,1.01164854641132e-19,"Venous_EC","PDCD4"
1.14923961268507e-23,0.348913979600519,0.329,0.212,1.9504894706491e-19,"Venous_EC","TEK"
2.01516713016178e-23,0.262562418397652,0.378,0.258,3.42014165331057e-19,"Venous_EC","POLE4"
2.98441718248836e-23,0.249499764529922,0.392,0.276,5.06515284211925e-19,"Venous_EC","LPAR6"
3.14083267656706e-23,0.198816901331335,0.448,0.329,5.33062121866961e-19,"Venous_EC","TMEM14C"
3.57095649574869e-23,0.325914081741802,0.646,0.518,6.06062736458468e-19,"Venous_EC","RAB11A"
4.11934650686216e-23,0.281779057204817,0.407,0.284,6.99135489144646e-19,"Venous_EC","OSTC"
4.61663853498318e-23,0.172387794653204,0.757,0.635,7.83535892157345e-19,"Venous_EC","TAGLN2"
4.72769214760635e-23,0.333142986863848,0.334,0.218,8.0238391129175e-19,"Venous_EC","RPGR"
4.82809387086664e-23,0.168097092716702,0.336,0.228,8.19424091763485e-19,"Venous_EC","FAM241A"
6.47151169156792e-23,0.306473174700143,0.384,0.262,1.09834496429291e-18,"Venous_EC","CHD9"
1.08514498390009e-22,0.200120127047562,0.42,0.305,1.84170806667524e-18,"Venous_EC","XRCC5"
1.13607377858681e-22,0.239391562572277,0.294,0.19,1.92814441701753e-18,"Venous_EC","INPP1"
1.34003051661091e-22,0.245676734045027,0.733,0.608,2.27429979279204e-18,"Venous_EC","MYH9"
1.38152970299827e-22,0.182524146098635,0.524,0.403,2.34473221192867e-18,"Venous_EC","PPDPF"
1.44306897421904e-22,0.238135144424082,0.457,0.333,2.44917666304456e-18,"Venous_EC","ST13"
1.71692985205533e-22,0.287739003490489,0.368,0.25,2.91397334490831e-18,"Venous_EC","MYC"
1.76736940375541e-22,0.242818646764316,0.324,0.213,2.99957935205368e-18,"Venous_EC","TRIOBP"
2.611963232094e-22,0.325104706726642,0.323,0.21,4.43302399750994e-18,"Venous_EC","TUBB6"
3.0064182539246e-22,0.207308564206009,0.586,0.458,5.10249306056083e-18,"Venous_EC","DDX17"
3.22865178397259e-22,0.239445911094935,0.774,0.658,5.47966780775828e-18,"Venous_EC","NPDC1"
3.79885844313603e-22,0.205660436963256,0.314,0.213,6.44742254969047e-18,"Venous_EC","MCTP1"
4.17056982811844e-22,0.229658356123756,0.391,0.278,7.07829111228262e-18,"Venous_EC","RBMX"
5.6110095010015e-22,0.296584854830233,0.33,0.218,9.52300532509975e-18,"Venous_EC","RSL1D1"
6.49582320508468e-22,0.224439153404081,0.312,0.207,1.10247111436697e-17,"Venous_EC","IPO11"
6.99407070506055e-22,0.380253975148352,0.246,0.145,1.18703368006288e-17,"Venous_EC","CISD1"
1.13278814916982e-21,0.238729588415469,0.371,0.259,1.92256804677101e-17,"Venous_EC","CLIC2"
1.43423325003624e-21,0.279796435641651,0.344,0.233,2.43418067196151e-17,"Venous_EC","NRN1"
2.25390367526256e-21,0.28931534085809,0.362,0.248,3.82532531765561e-17,"Venous_EC","MAP3K13"
2.28061775047722e-21,0.167041595677958,0.571,0.45,3.87066444610994e-17,"Venous_EC","AHNAK"
2.34634383325903e-21,0.282948026533994,0.753,0.638,3.98221475380723e-17,"Venous_EC","LAPTM4A"
3.19142673932427e-21,0.2657525023397,0.294,0.19,5.41648946198115e-17,"Venous_EC","SELENON"
3.54801157333863e-21,0.297932407463099,0.313,0.205,6.02168524227033e-17,"Venous_EC","PHACTR2"
3.68806624524954e-21,0.242597655221692,0.326,0.219,6.25938603143752e-17,"Venous_EC","SYNCRIP"
3.89647774446013e-21,0.20576888026046,0.336,0.232,6.61310202789773e-17,"Venous_EC","PLEC"
4.48954776265078e-21,0.351979228108223,0.491,0.366,7.6196604627709e-17,"Venous_EC","PDK4"
4.85090939263329e-21,0.239557228055258,0.358,0.249,8.23296342117723e-17,"Venous_EC","TMEM255B"
5.45825084665568e-21,0.303677593142075,0.274,0.172,9.26374333694402e-17,"Venous_EC","HADHA"
6.5951638187484e-21,0.246291907676853,0.749,0.631,1.11933120331798e-16,"Venous_EC","CNN3"
9.18731419039672e-21,0.232503374553818,0.364,0.256,1.55927096439413e-16,"Venous_EC","SYNGR2"
1.00697915658105e-20,0.282337516036465,0.34,0.229,1.70904502454936e-16,"Venous_EC","FLNA"
1.17505025402455e-20,0.378352489782693,0.699,0.591,1.99429529113046e-16,"Venous_EC","FOS"
1.43190418672433e-20,0.292650905972367,0.472,0.35,2.43022778570854e-16,"Venous_EC","C9orf16"
1.46616165158628e-20,0.165211554439526,0.489,0.379,2.48836955507223e-16,"Venous_EC","SNRPE"
1.87714381242109e-20,0.195496931934493,0.551,0.431,3.18588847844108e-16,"Venous_EC","HNRNPU"
2.08306031349099e-20,0.26865208847452,0.442,0.324,3.53536996405691e-16,"Venous_EC","DDX3X"
2.64828053142044e-20,0.165674508117428,0.375,0.272,4.49466171792676e-16,"Venous_EC","CIB1"
3.28062474725706e-20,0.264067818764797,0.418,0.302,5.56787632104467e-16,"Venous_EC","ZFAND5"
4.32343666526245e-20,0.173293980863402,0.379,0.278,7.33773670828343e-16,"Venous_EC","TNRC6B"
5.15067732055848e-20,0.188854741407307,0.583,0.463,8.74172954845185e-16,"Venous_EC","ANXA1"
5.76064246480379e-20,0.221270006007916,0.476,0.36,9.776962391265e-16,"Venous_EC","FAM167B"
8.69116550211553e-20,0.185045935187259,0.384,0.28,1.47506460901905e-15,"Venous_EC","CAPNS1"
9.50464101275333e-20,0.283480591677699,0.496,0.376,1.6131276726845e-15,"Venous_EC","HMGN1"
1.52564024327946e-19,0.175779046344422,0.356,0.254,2.5893166208939e-15,"Venous_EC","TAF1D"
1.67065701218162e-19,0.224491206986274,0.496,0.378,2.83543908107465e-15,"Venous_EC","CANX"
2.02089203490963e-19,0.259640353696591,0.398,0.286,3.42985796164862e-15,"Venous_EC","TSPAN4"
2.14188832340583e-19,0.292051766542184,0.346,0.237,3.63521286248437e-15,"Venous_EC","ERP29"
2.54868679429097e-19,0.163800255832882,0.298,0.197,4.32563122727064e-15,"Venous_EC","SERPINE1"
3.97858351326057e-19,0.214657292874011,0.42,0.312,6.75245193870583e-15,"Venous_EC","STAT3"
4.70463409294544e-19,0.224637397520782,0.502,0.385,7.98470498254701e-15,"Venous_EC","COPS9"
4.72938679285156e-19,0.179430619841184,0.692,0.578,8.02671526482766e-15,"Venous_EC","UQCR11"
5.16040905134984e-19,0.176003775756611,0.594,0.479,8.75824624195096e-15,"Venous_EC","NDUFB2"
8.05368275476677e-19,0.166560836349924,0.428,0.325,1.36687103713902e-14,"Venous_EC","RNF7"
1.05096593059575e-18,0.251225318735147,0.438,0.325,1.78369937740711e-14,"Venous_EC","EIF3L"
1.06807930012161e-18,0.172253270989739,0.476,0.368,1.8127441881664e-14,"Venous_EC","CHURC1"
1.10626648470671e-18,0.219405852479042,0.33,0.23,1.87755547784423e-14,"Venous_EC","CCT3"
1.29164935510503e-18,0.264213703314985,0.332,0.23,2.19218728548426e-14,"Venous_EC","LSM5"
1.40072409475419e-18,0.319528987419801,0.369,0.26,2.37730893361681e-14,"Venous_EC","LAMTOR2"
1.41697321372737e-18,0.248024488689943,0.332,0.23,2.40488693833809e-14,"Venous_EC","TMOD3"
1.4835704108174e-18,0.230494555505686,0.574,0.456,2.51791570123928e-14,"Venous_EC","EIF3K"
1.84011651719905e-18,0.166249437024403,0.579,0.467,3.12304575299023e-14,"Venous_EC","S100A16"
1.92201132222454e-18,0.175385632838742,0.416,0.312,3.26203761607949e-14,"Venous_EC","ANKRD12"
1.97714360638284e-18,0.214042287735432,0.716,0.603,3.35560812875295e-14,"Venous_EC","KTN1"
1.98197223153915e-18,0.183736985781739,0.379,0.277,3.36380327136824e-14,"Venous_EC","PNN"
2.30298944729695e-18,0.232001809020669,0.369,0.264,3.90863368995238e-14,"Venous_EC","EIF3A"
3.03562224323097e-18,0.176504144811883,0.485,0.375,5.15205807121161e-14,"Venous_EC","ADAM15"
5.03520063101463e-18,0.164926638538454,0.735,0.626,8.54574251095802e-14,"Venous_EC","HINT1"
6.63039276929835e-18,0.163216471434597,0.488,0.379,1.12531026080532e-13,"Venous_EC","FKBP2"
6.76974586028828e-18,0.154100916329072,0.661,0.551,1.14896126740813e-13,"Venous_EC","S100A13"
7.90694068228299e-18,0.167769325956576,0.46,0.358,1.34196597259707e-13,"Venous_EC","SERP1"
1.04804685122465e-17,0.17928892746649,0.667,0.556,1.77874511589847e-13,"Venous_EC","SOD1"
1.13916418357525e-17,0.184694919415835,0.601,0.488,1.93338945236391e-13,"Venous_EC","SNRPD2"
1.30991464107987e-17,0.236710159547152,0.45,0.34,2.22318712884075e-13,"Venous_EC","EIF3F"
1.56665901759644e-17,0.194484311752459,0.654,0.542,2.65893368466468e-13,"Venous_EC","SSR4"
1.80856511402123e-17,0.2472145666078,0.67,0.559,3.06949671151682e-13,"Venous_EC","POLR2L"
1.83612131549411e-17,0.166476158162344,0.454,0.353,3.11626509665661e-13,"Venous_EC","LDHB"
1.89089685764918e-17,0.263293764129013,0.334,0.233,3.20923014680218e-13,"Venous_EC","NDUFA8"
2.22930531813362e-17,0.194369775943784,0.522,0.411,3.78357698593637e-13,"Venous_EC","RBM3"
2.31675267579742e-17,0.199826328368659,0.504,0.392,3.93199264136338e-13,"Venous_EC","MRPS21"
2.48515668401913e-17,0.215206030009462,0.372,0.271,4.21780792411727e-13,"Venous_EC","DPYSL2"
2.68000722261296e-17,0.200336507803368,0.714,0.606,4.54850825821871e-13,"Venous_EC","EIF4A1"
2.88845289336873e-17,0.25777491851861,0.366,0.264,4.90228225062540e-13,"Venous_EC","TJP1"
3.71896152534953e-17,0.192684837896213,0.592,0.481,6.31182150082322e-13,"Venous_EC","NUCKS1"
5.08359895523746e-17,0.261313799824529,0.562,0.449,8.62788414682902e-13,"Venous_EC","NDRG1"
5.67620149841819e-17,0.175731241902892,0.594,0.484,9.63364918311536e-13,"Venous_EC","UQCRH"
6.86798726241989e-17,0.203486636126833,0.431,0.327,1.1656347981779e-12,"Venous_EC","MRPL51"
1.20195882784044e-16,0.201676099829904,0.751,0.65,2.03996452261079e-12,"Venous_EC","NPM1"
1.25773202982466e-16,0.265755856934233,0.411,0.304,2.13462280101842e-12,"Venous_EC","ODF2L"
1.48689515991247e-16,0.17744118171273,0.489,0.384,2.52355846540344e-12,"Venous_EC","ATOX1"
2.02227060024842e-16,0.156090610168944,0.642,0.535,3.43219766274162e-12,"Venous_EC","C4orf3"
3.37123393549822e-16,0.150700284776248,0.64,0.536,5.72165823532758e-12,"Venous_EC","HSP90B1"
4.32613765028475e-16,0.163872027948426,0.48,0.379,7.34232082006327e-12,"Venous_EC","CSNK1A1"
6.00237595735232e-16,0.259217184023437,0.416,0.314,1.01872324748184e-11,"Venous_EC","FUS"
1.02515715223478e-15,0.215037622262281,0.62,0.512,1.73989671877287e-11,"Venous_EC","PPIB"
5.43053727972725e-15,0.190187589481998,0.521,0.418,9.21670787115309e-11,"Venous_EC","SELENOH"
1.53730461930248e-14,0.163639217997611,0.558,0.458,2.60911339988017e-10,"Venous_EC","HNRNPC"
2.45959370606156e-308,1.89601464161512,0.48,0.032,4.17442243792767e-304,"Arterial_EC","SEMA3G"
3.3829012616609e-294,1.71227793750249,0.94,0.588,5.74146002129089e-290,"Arterial_EC","SLC9A3R2"
1.27558995068432e-272,2.03675498217665,0.524,0.064,2.16493126430142e-268,"Arterial_EC","GJA4"
4.99801266007446e-252,1.26001816825783,0.959,0.734,8.48262708667837e-248,"Arterial_EC","SRGN"
6.00697794622388e-245,1.79051841555305,0.388,0.024,1.01950429703312e-240,"Arterial_EC","FBLN5"
2.11255531161856e-238,1.867388844794,0.622,0.144,3.58542887487902e-234,"Arterial_EC","HEY1"
9.08032044732675e-218,1.26564493000837,0.969,0.751,1.5411119863203e-213,"Arterial_EC","TM4SF1"
8.68224773766582e-216,1.54534894048663,0.796,0.415,1.47355108603664e-211,"Arterial_EC","ICAM2"
6.86584482001902e-197,1.04785215313484,0.978,0.839,1.16527118285363e-192,"Arterial_EC","S100A6"
4.51528270330433e-185,1.80298215534565,0.634,0.208,7.6633378040481e-181,"Arterial_EC","CXCL12"
5.30925326745141e-185,1.27470172154044,0.832,0.48,9.01086464551853e-181,"Arterial_EC","PPA1"
6.75937614447342e-181,1.5877662067934,0.726,0.332,1.14720131924003e-176,"Arterial_EC","RHOB"
3.40719297387046e-176,1.52011331697396,0.326,0.029,5.78268791525294e-172,"Arterial_EC","GJA5"
5.88086657578704e-174,1.78378760725653,0.462,0.095,9.98100675242576e-170,"Arterial_EC","IGF2"
2.49046151340518e-164,1.21237041235042,0.247,0.011,4.22681128055127e-160,"Arterial_EC","TSPAN2"
3.76678203387465e-153,1.68537537198011,0.73,0.376,6.39298246789205e-149,"Arterial_EC","DEPP1"
8.71510136980879e-152,1.27230496718329,0.261,0.018,1.47912700448395e-147,"Arterial_EC","PCSK5"
2.82223991443598e-148,1.69868261895467,0.361,0.062,4.78990558278075e-144,"Arterial_EC","ADAMTS6"
3.28402023472861e-145,1.49211787760791,0.626,0.269,5.5736391423814e-141,"Arterial_EC","STMN1"
1.36423579949948e-144,1.55410637993344,0.227,0.011,2.31538099891051e-140,"Arterial_EC","SSUH2"
3.1700205605404e-137,1.43973153299921,0.345,0.063,5.38015889534917e-133,"Arterial_EC","LTBP4"
4.92841707095986e-133,1.21804983427927,0.687,0.318,8.36450945283308e-129,"Arterial_EC","PALMD"
2.69391649840868e-132,1.49406176530151,0.497,0.15,4.57211508109922e-128,"Arterial_EC","PPP1R14A"
1.02523818077098e-129,1.26790499078564,0.69,0.372,1.74003424040451e-125,"Arterial_EC","ATP1B3"
1.08396241079629e-129,1.13423698244776,0.268,0.032,1.83970100360346e-125,"Arterial_EC","PLLP"
2.43402754554407e-129,1.20880493482315,0.569,0.2,4.13103155029739e-125,"Arterial_EC","EFNB2"
7.673177506303e-125,1.17020902998773,0.423,0.104,1.30229168636974e-120,"Arterial_EC","ARL15"
9.53201057264383e-123,1.73578893618042,0.44,0.124,1.61777283438911e-118,"Arterial_EC","EDN1"
1.82890257295933e-122,1.32665905228846,0.181,0.007,3.10401344682657e-118,"Arterial_EC","PI16"
1.76794319081193e-120,1.47508185493544,0.226,0.021,3.00055318344601e-116,"Arterial_EC","SERPINE2"
4.21532318184277e-116,1.10189455144863,0.838,0.56,7.15424650422354e-112,"Arterial_EC","ID1"
5.08358077925831e-116,1.09507485762421,0.738,0.396,8.62785329855721e-112,"Arterial_EC","PODXL"
1.33545605472764e-115,0.773436991413271,0.95,0.798,2.26653601608375e-111,"Arterial_EC","RAMP2"
3.73729990248868e-110,0.671260075843418,0.277,0.042,6.34294539450379e-106,"Arterial_EC","EGFL8"
1.47710454694657e-107,1.28739580338281,0.351,0.087,2.50694183707772e-103,"Arterial_EC","ATP13A3"
3.79941159316645e-103,0.888399879225772,0.839,0.607,6.44836135592211e-99,"Arterial_EC","STOM"
2.46762327506678e-102,1.17723348638221,0.552,0.241,4.18805022244335e-98,"Arterial_EC","OCIAD2"
2.36952411430116e-99,1.67203126291103,0.395,0.117,4.02155632679192e-95,"Arterial_EC","IGFBP3"
4.69421116805686e-96,1.25720129218628,0.559,0.257,7.9670151944261e-92,"Arterial_EC","KCTD12"
1.88292355469941e-94,1.44700033091813,0.876,0.723,3.19569785703583e-90,"Arterial_EC","MGP"
3.15651630840412e-92,0.807011029571153,0.855,0.671,5.35723947862347e-88,"Arterial_EC","CALM1"
4.31283562892242e-91,0.99144163649332,0.635,0.316,7.31974462940714e-87,"Arterial_EC","ADGRF5"
8.52995622840177e-91,1.18031177582122,0.368,0.107,1.44770417108435e-86,"Arterial_EC","SLC6A6"
2.06348468656822e-88,1.1521155790225,0.418,0.148,3.50214621004358e-84,"Arterial_EC","MECOM"
3.83829333586396e-85,0.68542808567954,0.907,0.746,6.51435144962832e-81,"Arterial_EC","CRIP2"
1.03510894732023e-84,1.15393079291473,0.386,0.133,1.75678690539189e-80,"Arterial_EC","JAG1"
1.88123833751808e-84,1.11775604539001,0.192,0.025,3.19283770643568e-80,"Arterial_EC","SULF1"
3.2824009648137e-83,1.08896052916569,0.439,0.164,5.57089091748181e-79,"Arterial_EC","NUDT4"
2.86266666528668e-81,0.974477417833089,0.349,0.104,4.85851786432455e-77,"Arterial_EC","JAG2"
3.82318920919849e-81,1.0057751218195,0.299,0.075,6.48871672585168e-77,"Arterial_EC","SYNJ2"
1.72266105949013e-80,1.04818428488516,0.666,0.416,2.92370035016665e-76,"Arterial_EC","GLUL"
8.86260794981925e-79,0.867885101173206,0.751,0.51,1.50416182124332e-74,"Arterial_EC","MRPL33"
1.85277564004163e-78,1.04201762546049,0.321,0.09,3.14453081627866e-74,"Arterial_EC","ALPL"
2.25651085321142e-78,0.951876189444133,0.641,0.365,3.82975022007041e-74,"Arterial_EC","CAVIN3"
4.28577692515642e-78,0.768982116371756,0.822,0.567,7.27382059737548e-74,"Arterial_EC","CD9"
1.22671798016158e-77,0.996017869719947,0.372,0.126,2.08198575593024e-73,"Arterial_EC","CD58"
2.30798445314287e-77,1.29015386754448,0.225,0.048,3.91711121387408e-73,"Arterial_EC","CLIC3"
7.67767660463975e-77,0.950655492947335,0.255,0.056,1.30305527333946e-72,"Arterial_EC","FUT8"
1.12164615989737e-76,0.64106138973705,0.111,0.003,1.90365786257782e-72,"Arterial_EC","TMEM178A"
9.09657666733796e-76,0.676575150951313,0.869,0.622,1.5438709919806e-71,"Arterial_EC","PLPP1"
2.46742818055185e-75,0.878211685532622,0.664,0.407,4.1877191080326e-71,"Arterial_EC","CAPZA2"
1.97795429190422e-73,0.993448826562124,0.625,0.351,3.35698402421984e-69,"Arterial_EC","ISG15"
1.1440708021827e-72,0.7410552710763,0.868,0.682,1.94171696546448e-68,"Arterial_EC","CAV1"
3.11710645732762e-72,0.855460945313071,0.417,0.157,5.29035307937644e-68,"Arterial_EC","AIF1L"
1.04728391490151e-69,0.795916572266484,0.761,0.557,1.77745026037085e-65,"Arterial_EC","RHOC"
4.480512365834e-68,0.619379306492676,0.902,0.769,7.60432558729346e-64,"Arterial_EC","MYL12B"
9.84154064220638e-68,0.70056341297847,0.2,0.036,1.67030627779527e-63,"Arterial_EC","ARHGAP4"
2.55720728602509e-67,1.01254928315976,0.306,0.094,4.34009220584178e-63,"Arterial_EC","FBLN2"
3.43596547450219e-67,0.776695826681946,0.266,0.069,5.83152060332511e-63,"Arterial_EC","TM6SF1"
1.83945552191941e-64,0.366568991812216,0.122,0.009,3.12192391180163e-60,"Arterial_EC","ADORA2A"
2.22532074305877e-64,0.752159126858476,0.22,0.048,3.77681436511935e-60,"Arterial_EC","PRKX"
3.10744237075441e-64,0.96072137622108,0.299,0.093,5.27395119164439e-60,"Arterial_EC","MAP1B"
5.31453085604335e-63,0.991963543134834,0.256,0.069,9.01982176887677e-59,"Arterial_EC","FGL2"
6.12975418094756e-62,0.95808244767365,0.719,0.484,1.04034187959042e-57,"Arterial_EC","CRIP1"
1.07570970008672e-61,0.904413124002852,0.543,0.285,1.82569450298717e-57,"Arterial_EC","EMP3"
1.23623003562503e-61,0.903173824212499,0.331,0.118,2.0981296164628e-57,"Arterial_EC","RGS3"
1.26964280606148e-61,0.915816504054582,0.382,0.15,2.15483777044754e-57,"Arterial_EC","MMP2"
1.5045694634598e-61,0.882224561855903,0.343,0.126,2.55355529338397e-57,"Arterial_EC","TBC1D1"
5.23842769069816e-61,0.709109201499611,0.647,0.375,8.89065947665292e-57,"Arterial_EC","IL32"
1.40921225525034e-60,0.873258387095917,0.69,0.453,2.39171503961087e-56,"Arterial_EC","IFI6"
8.14523217737556e-60,0.762207357077664,0.745,0.535,1.38240880514418e-55,"Arterial_EC","MTUS1"
4.228864267515e-57,1.35411291610555,0.198,0.051,7.17722843482646e-53,"Arterial_EC","TMEM100"
6.63047126924514e-57,1.00112192290335,0.518,0.27,1.12532358381629e-52,"Arterial_EC","ADAMTS1"
4.66583775900655e-56,0.769296282609559,0.365,0.145,7.91885984458592e-52,"Arterial_EC","PTP4A3"
1.34986475298229e-55,0.867203469901175,0.5,0.269,2.29099045876154e-51,"Arterial_EC","MAST4"
2.61925126756364e-55,0.751915050761081,0.496,0.253,4.445393251309e-51,"Arterial_EC","LAP3"
1.61687100958146e-53,0.701064645312916,0.237,0.068,2.74415347746166e-49,"Arterial_EC","LPCAT2"
3.47450255786695e-53,0.77117186187306,0.484,0.252,5.89692574121179e-49,"Arterial_EC","MAP4"
1.47696929966708e-52,1.46935329843863,0.433,0.221,2.50671229539497e-48,"Arterial_EC","FABP4"
2.05634493641551e-51,0.624351808790143,0.787,0.584,3.4900286260844e-47,"Arterial_EC","ATP5PF"
3.53791887315071e-51,0.465880635761666,0.239,0.072,6.00455591151139e-47,"Arterial_EC","DBNDD2"
5.25719515613328e-51,0.739606591353669,0.549,0.306,8.92251161898941e-47,"Arterial_EC","ARID5B"
2.63400260792186e-50,0.810840897578204,0.722,0.516,4.47042922616499e-46,"Arterial_EC","SAT1"
6.07051696018892e-50,0.531791681257184,0.122,0.016,1.03028813848326e-45,"Arterial_EC","GLIPR2"
8.45111857355233e-50,0.528141416824807,0.131,0.02,1.4343238443033e-45,"Arterial_EC","MPPED2"
9.38951839281007e-50,0.673331158964591,0.732,0.529,1.59358906162773e-45,"Arterial_EC","BST2"
1.78556828152817e-49,0.618360118174505,0.891,0.768,3.03046648740961e-45,"Arterial_EC","HSPB1"
1.78783075154649e-49,0.724553104686595,0.248,0.078,3.0343063515247e-45,"Arterial_EC","CCDC3"
4.34531254668578e-49,0.594580235402103,0.756,0.535,7.3748644542351e-45,"Arterial_EC","ATP1A1"
7.99399636414445e-49,1.01645859185254,0.406,0.199,1.3567410629226e-44,"Arterial_EC","S100A4"
2.84967513595257e-48,0.742950808353043,0.508,0.278,4.83646864073869e-44,"Arterial_EC","UTRN"
2.10034599727429e-47,0.691495641643966,0.576,0.35,3.56470722657393e-43,"Arterial_EC","COX5A"
4.27075075086598e-47,0.479158531846263,0.517,0.285,7.24831817436973e-43,"Arterial_EC","SOX17"
4.97774080071753e-46,0.696079707305416,0.437,0.221,8.44822168697778e-42,"Arterial_EC","ADD1"
6.52615211194001e-46,0.76730332280951,0.393,0.188,1.10761853643846e-41,"Arterial_EC","CTTNBP2NL"
6.94156360229365e-45,0.659208657207358,0.277,0.103,1.17812217458128e-40,"Arterial_EC","AZIN1"
2.84968915660902e-44,0.713052977604123,0.579,0.366,4.83649243659684e-40,"Arterial_EC","GSTO1"
2.87164851016047e-44,0.717938697349965,0.333,0.143,4.87376185144435e-40,"Arterial_EC","ASRGL1"
2.92232870098526e-43,0.624460718987228,0.716,0.529,4.95977627131218e-39,"Arterial_EC","GABARAPL2"
3.40339821505252e-41,0.791497758222737,0.214,0.069,5.77624745058714e-37,"Arterial_EC","ELN"
3.8973595000503e-41,0.548887605947808,0.809,0.677,6.61459854348537e-37,"Arterial_EC","POMP"
4.99051999032696e-41,0.514623968378905,0.124,0.022,8.46991052758291e-37,"Arterial_EC","RSPO3"
9.36477577918386e-41,0.719582633804475,0.412,0.212,1.58938974524308e-36,"Arterial_EC","MCTP1"
1.12304765358023e-40,0.600393411989636,0.364,0.172,1.90603647765637e-36,"Arterial_EC","ITSN2"
1.20228702625514e-40,0.838387131692501,0.244,0.09,2.04052154096022e-36,"Arterial_EC","FILIP1L"
2.44971309553713e-40,0.528293655918688,0.806,0.646,4.15765306574561e-36,"Arterial_EC","TAGLN2"
2.69596911454607e-40,0.622622536577058,0.439,0.233,4.57559878120759e-36,"Arterial_EC","CD46"
4.71150790542675e-40,0.545731844917447,0.78,0.592,7.99637121709028e-36,"Arterial_EC","DSTN"
1.12025929426616e-39,0.631166114313996,0.498,0.287,1.90130407422852e-35,"Arterial_EC","UACA"
3.29142563755636e-39,0.652382508951794,0.213,0.07,5.58620759206065e-35,"Arterial_EC","VEGFC"
1.62331020690955e-38,0.535628185592055,0.737,0.541,2.75508208316688e-34,"Arterial_EC","ID3"
4.21076510433985e-38,0.54514208617663,0.539,0.325,7.14651053508559e-34,"Arterial_EC","SOX18"
4.90675645515989e-38,0.731865897881538,0.305,0.136,8.32774705569737e-34,"Arterial_EC","HES4"
5.17032232280118e-38,0.60621976308433,0.272,0.11,8.77507104625817e-34,"Arterial_EC","HMOX2"
1.82863605473049e-37,0.618858140641599,0.48,0.279,3.10356111208859e-33,"Arterial_EC","PDCD4"
1.40315474861008e-36,0.552070261872884,0.718,0.513,2.38143423934104e-32,"Arterial_EC","CLDN5"
2.11112468160374e-36,0.667217628111965,0.433,0.24,3.58300080961787e-32,"Arterial_EC","PKIG"
3.4514610279432e-36,0.642618259030755,0.476,0.278,5.8578196566252e-32,"Arterial_EC","PLS3"
5.90213827967498e-36,0.559535183585031,0.303,0.138,1.00171090882644e-31,"Arterial_EC","ACE"
1.1171617320961e-35,0.556723442752079,0.294,0.129,1.8960468917135e-31,"Arterial_EC","HSPA12B"
1.15731025175941e-35,0.533493346010556,0.265,0.112,1.96418695928607e-31,"Arterial_EC","PDGFB"
1.16985172893422e-35,0.58097030930878,0.616,0.415,1.98547235434715e-31,"Arterial_EC","CD151"
2.71411513532606e-35,0.615575053266672,0.548,0.354,4.60639620767538e-31,"Arterial_EC","PTTG1IP"
9.88405450504689e-35,0.453729910955859,0.33,0.158,1.67752173059656e-30,"Arterial_EC","FN1"
1.39013559648446e-34,0.453995830400995,0.241,0.096,2.35933813435342e-30,"Arterial_EC","C19orf33"
2.98731745842456e-34,0.545752727175726,0.266,0.113,5.07007519043816e-30,"Arterial_EC","RFTN1"
7.9304596971983e-34,0.569783675180389,0.31,0.146,1.3459576198085e-29,"Arterial_EC","NUDT14"
1.3256302165045e-33,0.504470660002275,0.173,0.056,2.24985960345144e-29,"Arterial_EC","AQP7"
1.56167366178628e-33,0.708556520924845,0.19,0.066,2.65047253878368e-29,"Arterial_EC","ANXA3"
5.90043876878153e-33,0.551835448394465,0.519,0.324,1.0014224678376e-28,"Arterial_EC","AKAP13"
1.09136684990237e-32,0.561988301989946,0.216,0.082,1.85226781765431e-28,"Arterial_EC","TUSC3"
1.17945834817308e-32,0.589348700614089,0.248,0.103,2.00177670851934e-28,"Arterial_EC","GATA2"
1.47977423638325e-32,0.528529719099513,0.507,0.313,2.51147283398965e-28,"Arterial_EC","DOCK9"
1.60925420680028e-32,0.619110993656074,0.275,0.124,2.73122623978144e-28,"Arterial_EC","ABRACL"
1.70992245357335e-32,0.657361138164886,0.312,0.151,2.90208038820468e-28,"Arterial_EC","CFAP36"
2.81890795561006e-32,0.570727614639266,0.515,0.322,4.7842505822614e-28,"Arterial_EC","TLE5"
4.68324775395683e-32,0.455303568077916,0.848,0.724,7.94840808801553e-28,"Arterial_EC","PFN1"
7.28188639656935e-32,0.617559031221218,0.207,0.077,1.23588175922575e-27,"Arterial_EC","ITPR2"
1.89267299548145e-31,0.499549917979076,0.572,0.378,3.21224460793111e-27,"Arterial_EC","ADAM15"
2.59651448385772e-31,0.540219599259279,0.438,0.255,4.40680438200332e-27,"Arterial_EC","LIMA1"
2.93534622641183e-31,0.430914905159235,0.178,0.061,4.98186961546616e-27,"Arterial_EC","PKN3"
3.82196835518e-31,0.814585068165463,0.314,0.167,6.48664469241149e-27,"Arterial_EC","LTC4S"
1.1443330147725e-30,0.515529559833691,0.542,0.354,1.94216199267188e-26,"Arterial_EC","CYB5R3"
1.30841853456287e-30,0.573231079924537,0.324,0.163,2.2206479368601e-26,"Arterial_EC","SLC14A1"
1.8045976921097e-30,0.435203224241836,0.19,0.07,3.06276320304858e-26,"Arterial_EC","KCNN3"
1.88190771333581e-30,0.584274540079596,0.418,0.241,3.19397377107354e-26,"Arterial_EC","NAA10"
2.41069536748397e-30,0.483869292468375,0.578,0.385,4.09143217769379e-26,"Arterial_EC","CLIC4"
2.77181718329119e-30,0.351321349801444,0.637,0.444,4.70432812348182e-26,"Arterial_EC","KLF2"
8.25852550798542e-30,0.508925243118933,0.221,0.091,1.40163694921529e-25,"Arterial_EC","DLL4"
9.53346967393389e-30,0.474784973894423,0.249,0.109,1.61802047306006e-25,"Arterial_EC","NPTN"
4.73589865440606e-29,0.179414957214322,0.679,0.505,8.03776719625796e-25,"Arterial_EC","VAMP5"
5.01739974024767e-29,0.480372899888493,0.68,0.518,8.51553083914834e-25,"Arterial_EC","TSPO"
1.11029336287451e-28,0.440665715923747,0.511,0.327,1.88438989547061e-24,"Arterial_EC","PIK3R3"
9.69502908691371e-28,0.471631550467993,0.334,0.177,1.64544033663099e-23,"Arterial_EC","GFOD1"
2.07242209031929e-27,0.446127033814169,0.636,0.453,3.5173147716899e-23,"Arterial_EC","PTPRB"
2.31682758307008e-27,0.398622107837813,0.846,0.718,3.93211977398653e-23,"Arterial_EC","ANXA2"
2.48170627316748e-27,0.517593079493632,0.378,0.214,4.21195188681985e-23,"Arterial_EC","PCMTD1"
2.88024115797558e-27,0.410954555053892,0.747,0.585,4.88834529331616e-23,"Arterial_EC","CAVIN1"
4.14235501363475e-27,0.495942587650843,0.516,0.339,7.03040492914089e-23,"Arterial_EC","ARL6IP5"
1.02415083792042e-26,0.342774909175347,0.319,0.174,1.73818880211853e-22,"Arterial_EC","DHRS3"
2.4578720877056e-26,0.429362171022532,0.151,0.05,4.17150050725394e-22,"Arterial_EC","SYT11"
3.23127429158548e-26,0.448742231716915,0.86,0.752,5.48411872767887e-22,"Arterial_EC","CALM2"
4.75734537303871e-26,0.506340400637947,0.326,0.175,8.07416656712129e-22,"Arterial_EC","MRPL17"
5.67976313972039e-26,0.585134317028734,0.749,0.639,9.63969400073345e-22,"Arterial_EC","SNX3"
5.97115836649079e-26,0.378652935631237,0.7,0.526,1.01342499796082e-21,"Arterial_EC","CALD1"
1.53681318290862e-25,0.190138422971265,0.455,0.301,2.60827933403251e-21,"Arterial_EC","CFH"
1.71102326471084e-25,0.446791603656608,0.69,0.532,2.90394868486724e-21,"Arterial_EC","ARPC2"
2.33383496520039e-25,0.454030418017352,0.602,0.426,3.96098470293811e-21,"Arterial_EC","HEG1"
2.99528449876478e-25,0.545514592591231,0.336,0.185,5.08359685130358e-21,"Arterial_EC","MCAM"
4.62711718480673e-25,0.321197797055169,0.699,0.526,7.85314328605397e-21,"Arterial_EC","ADGRL4"
5.26945865803461e-25,0.49970654572121,0.228,0.104,8.94332523441634e-21,"Arterial_EC","TNFRSF4"
6.84641256196896e-25,0.609724614344434,0.248,0.123,1.16197314001737e-20,"Arterial_EC","DST"
7.75415776921393e-25,0.441716690233599,0.347,0.195,1.31603565659099e-20,"Arterial_EC","ARL2BP"
9.99354141308984e-25,0.44595638962433,0.457,0.29,1.69610384862961e-20,"Arterial_EC","FDPS"
2.27703490587247e-24,0.413733439540361,0.248,0.12,3.86458364224675e-20,"Arterial_EC","PTPN14"
2.57908011463401e-24,0.281024655999694,0.198,0.086,4.37721477055685e-20,"Arterial_EC","IGLL5"
3.26541631979989e-24,0.800865586007706,0.304,0.163,5.54206457796438e-20,"Arterial_EC","FCN3"
3.34776528587721e-24,0.36675175414251,0.615,0.442,5.6818272431908e-20,"Arterial_EC","GNAI2"
6.37427971017129e-24,0.573741303086276,0.216,0.101,1.08184275241027e-19,"Arterial_EC","CLDN15"
8.03693376660845e-24,0.43447360110115,0.27,0.137,1.36402839886879e-19,"Arterial_EC","F11R"
1.22926413235364e-23,0.389461386305695,0.266,0.138,2.0863070854306e-19,"Arterial_EC","EPHA4"
1.63722008460448e-23,0.468012181717912,0.547,0.379,2.77868992759072e-19,"Arterial_EC","TINAGL1"
2.07017249817734e-23,0.406496859772948,0.24,0.116,3.51349676390658e-19,"Arterial_EC","EIF2AK4"
2.31828277631376e-23,0.515410493654605,0.22,0.102,3.93458952795971e-19,"Arterial_EC","FBN1"
2.83768456962922e-23,0.43873853668203,0.29,0.155,4.81611825157471e-19,"Arterial_EC","AK1"
4.09009991656328e-23,0.470646502985709,0.371,0.22,6.9417175783912e-19,"Arterial_EC","ABL2"
7.57327238766522e-23,0.424626771956806,0.352,0.205,1.28533578963454e-18,"Arterial_EC","SPTAN1"
1.01239071947063e-22,0.430669501208183,0.671,0.512,1.71822952908555e-18,"Arterial_EC","ESAM"
1.04736980095864e-22,0.457989523865256,0.33,0.187,1.777596026187e-18,"Arterial_EC","SEC11C"
1.08700277408574e-22,0.531820867485556,0.203,0.092,1.84486110817832e-18,"Arterial_EC","C8orf33"
1.13271979337297e-22,0.448052526098421,0.219,0.102,1.9224520333126e-18,"Arterial_EC","EXOC6"
1.46370442972389e-22,0.454789214352436,0.296,0.16,2.48419915812738e-18,"Arterial_EC","RRAS"
1.82135203868233e-22,0.450837238633756,0.599,0.441,3.09119868005165e-18,"Arterial_EC","SWAP70"
1.94516314685876e-22,0.51050287164915,0.748,0.642,3.30133089284868e-18,"Arterial_EC","RDX"
2.43247272314045e-22,0.480318682916041,0.265,0.137,4.12839270571398e-18,"Arterial_EC","CDC42BPA"
3.09385741601609e-22,0.44501209964728,0.243,0.12,5.25089480646251e-18,"Arterial_EC","PDLIM7"
4.10520155835045e-22,0.51781761922553,0.315,0.177,6.96734808483239e-18,"Arterial_EC","AOPEP"
1.06308349240269e-21,0.339516116353394,0.748,0.596,1.80426530330584e-17,"Arterial_EC","ITGB1"
1.37104306175704e-21,0.453223830722981,0.451,0.296,2.32693428441404e-17,"Arterial_EC","PSMB6"
1.8420436995341e-21,0.429594301960931,0.588,0.427,3.12631656684927e-17,"Arterial_EC","CD34"
4.01670034500933e-21,0.455193101119351,0.277,0.149,6.81714382554983e-17,"Arterial_EC","CRYBG3"
4.19072035362955e-21,0.481341853397135,0.327,0.19,7.11249058418008e-17,"Arterial_EC","C4orf48"
5.76081778339727e-21,0.426105956810483,0.377,0.232,9.77725994198184e-17,"Arterial_EC","ARPC5L"
7.21585910658229e-21,0.239276536865315,0.425,0.282,1.22467560756915e-16,"Arterial_EC","CTSB"
8.40703603755649e-21,0.357747330494711,0.297,0.169,1.42684215629409e-16,"Arterial_EC","TMEM47"
1.08392000718316e-20,0.343314537382981,0.615,0.456,1.83962903619126e-16,"Arterial_EC","FIS1"
1.22516737310747e-20,0.371961513819827,0.362,0.221,2.079354065638e-16,"Arterial_EC","TMEM30A"
1.30735111512338e-20,0.754918672398635,0.236,0.129,2.2188363125874e-16,"Arterial_EC","ENPP2"
1.47831157070555e-20,0.285242433452367,0.671,0.514,2.50899039780147e-16,"Arterial_EC","S1PR1"
2.98739171086392e-20,0.424320931928687,0.371,0.229,5.07020121167824e-16,"Arterial_EC","PTPRM"
3.6499751051694e-20,0.378840288716416,0.294,0.166,6.1947377484935e-16,"Arterial_EC","ITPRID2"
3.73047011059566e-20,0.353676457607033,0.213,0.104,6.33135387170296e-16,"Arterial_EC","DHRS7B"
4.96989493067722e-20,0.200868000056677,0.613,0.461,8.43490567634537e-16,"Arterial_EC","SEC14L1"
5.09556532828237e-20,0.321485476832176,0.683,0.528,8.64819347516084e-16,"Arterial_EC","CD81"
5.62007890096503e-20,0.320209523066232,0.615,0.458,9.53839791071785e-16,"Arterial_EC","EIF4G2"
6.58084926071263e-20,0.352116629267872,0.538,0.382,1.11690173652815e-15,"Arterial_EC","ENO1"
6.59911487028693e-20,0.356936276912686,0.331,0.197,1.1200017757851e-15,"Arterial_EC","CALU"
1.11383225926501e-19,0.496744467763104,0.23,0.117,1.89039611042458e-15,"Arterial_EC","DYNLT3"
1.24013396717354e-19,0.413446991598097,0.194,0.091,2.10475536908693e-15,"Arterial_EC","IFIT3"
1.35342179888828e-19,0.43657623071316,0.228,0.116,2.29702747707319e-15,"Arterial_EC","PREX1"
1.4366518296906e-19,0.408237161476666,0.239,0.124,2.43828548535088e-15,"Arterial_EC","CCSER2"
2.14621049630611e-19,0.467626711262531,0.609,0.467,3.64254845433073e-15,"Arterial_EC","HERPUD1"
2.60061917055502e-19,0.288103980586432,0.731,0.584,4.41377085626598e-15,"Arterial_EC","ATP6V0E1"
2.7656412981924e-19,0.352109471761742,0.232,0.12,4.69384641129215e-15,"Arterial_EC","MSRB3"
3.73413334471654e-19,0.734907744544933,0.412,0.272,6.33757111265291e-15,"Arterial_EC","CCN2"
4.03995206323412e-19,0.357886487251672,0.692,0.556,6.85660664172095e-15,"Arterial_EC","CD93"
4.04690377714386e-19,0.396585762034838,0.186,0.086,6.86840509056856e-15,"Arterial_EC","TUBA4A"
4.36892166690056e-19,0.379267335118828,0.503,0.353,7.41493385306363e-15,"Arterial_EC","SYNPO"
6.89788218968592e-19,0.341708154055632,0.256,0.14,1.1707085652335e-14,"Arterial_EC","PREX2"
7.02080509337146e-19,0.315334339084772,0.621,0.469,1.191571040447e-14,"Arterial_EC","ARGLU1"
8.48259249936622e-19,0.349557956022258,0.631,0.48,1.43966559899243e-14,"Arterial_EC","JAM2"
1.27842442711753e-18,0.372546816372951,0.33,0.2,2.16974193770387e-14,"Arterial_EC","PNP"
1.36618670060089e-18,0.317011295278959,0.673,0.525,2.31869206825983e-14,"Arterial_EC","SEC61B"
1.40811774604709e-18,0.314057756466837,0.359,0.226,2.38985743859112e-14,"Arterial_EC","NCKAP1"
1.73186705391819e-18,0.347906225490781,0.533,0.383,2.93932476390995e-14,"Arterial_EC","WWTR1"
3.35775307462952e-18,0.424928297869326,0.654,0.515,5.69877851826123e-14,"Arterial_EC","NDUFC2"
3.48661506108611e-18,0.323635582894408,0.332,0.204,5.91748308167535e-14,"Arterial_EC","SRP72"
3.60361578073634e-18,0.333065089870266,0.669,0.524,6.11605670306571e-14,"Arterial_EC","CD99"
3.88759555730105e-18,0.295003601134163,0.677,0.53,6.59802717985134e-14,"Arterial_EC","RNASEK"
4.56604181891225e-18,0.394490690257268,0.366,0.232,7.74948617505787e-14,"Arterial_EC","IFI27L2"
4.81359976450031e-18,0.362984200827109,0.427,0.286,8.16964152030992e-14,"Arterial_EC","TRAPPC1"
6.22165104726066e-18,0.338874814763992,0.744,0.614,1.05593861574108e-13,"Arterial_EC","RHOA"
6.42271938405522e-18,0.293109541327066,0.524,0.38,1.09006393386185e-13,"Arterial_EC","SELENOM"
6.56401416265123e-18,0.354379224872095,0.359,0.228,1.11404448368517e-13,"Arterial_EC","DDAH2"
7.30186977150054e-18,0.364846168692128,0.306,0.183,1.23927333761907e-13,"Arterial_EC","ZBTB38"
1.20800105969058e-17,0.386621264468905,0.594,0.452,2.05021939850686e-13,"Arterial_EC","ACTN4"
1.40639765992408e-17,0.303618822793996,0.33,0.209,2.38693810842314e-13,"Arterial_EC","NES"
1.40685525337654e-17,0.392327569095881,0.613,0.47,2.38771473603067e-13,"Arterial_EC","BCAM"
1.68895021170225e-17,0.382886765811142,0.378,0.244,2.86648629930105e-13,"Arterial_EC","MTCH1"
1.83983290097029e-17,0.496479007891857,0.266,0.155,3.12256439952678e-13,"Arterial_EC","KPNA2"
1.84034180448211e-17,0.415723153104705,0.234,0.127,3.12342811056703e-13,"Arterial_EC","SIPA1L2"
2.03722306851164e-17,0.641080413673099,0.454,0.33,3.45757499187795e-13,"Arterial_EC","RCAN1"
2.09832009616112e-17,0.337069789685449,0.501,0.358,3.56126886720465e-13,"Arterial_EC","ARPC5"
2.11510247090071e-17,0.232297686064017,0.312,0.198,3.58975191361269e-13,"Arterial_EC","NOTCH4"
2.31111604850984e-17,0.345110321553996,0.289,0.17,3.92242615753089e-13,"Arterial_EC","LEPROTL1"
4.34984983530904e-17,0.417611018339388,0.337,0.212,7.3825651404865e-13,"Arterial_EC","SLFN5"
4.40481744526687e-17,0.421943696974429,0.309,0.187,7.47585616810694e-13,"Arterial_EC","APOL3"
4.73230963731735e-17,0.338900816985581,0.524,0.381,8.03167591645501e-13,"Arterial_EC","ISCU"
4.98552683513577e-17,0.347307062494118,0.283,0.167,8.46143614459244e-13,"Arterial_EC","ABLIM1"
6.03846735557253e-17,0.270137384864037,0.415,0.282,1.02484867958777e-12,"Arterial_EC","PDLIM5"
6.04154375413966e-17,0.277180899841664,0.375,0.249,1.02537080595258e-12,"Arterial_EC","ASS1"
7.26359431011469e-17,0.362705260044932,0.276,0.161,1.23277722631267e-12,"Arterial_EC","TMEM14A"
7.28433441138867e-17,0.316398370194273,0.613,0.47,1.23629723630088e-12,"Arterial_EC","CDH5"
9.02412235168528e-17,0.277851019899858,0.222,0.122,1.53157404552802e-12,"Arterial_EC","FZD6"
1.66962285617809e-16,0.231921128647643,0.798,0.672,2.83368391150545e-12,"Arterial_EC","NPDC1"
1.94088628920149e-16,0.349617580390037,0.519,0.379,3.29407221003277e-12,"Arterial_EC","ARL6IP4"
2.23293069957131e-16,0.439176659258214,0.413,0.283,3.78972998331242e-12,"Arterial_EC","GIMAP1"
3.43358496791739e-16,0.292137120055982,0.429,0.298,5.82748040754939e-12,"Arterial_EC","GTF2A2"
3.49971483008377e-16,0.409059480339006,0.245,0.138,5.93971600961817e-12,"Arterial_EC","NTPCR"
3.96968104531684e-16,0.396814379236753,0.255,0.146,6.73734267011175e-12,"Arterial_EC","ITGAV"
5.79846945532812e-16,0.367597745346133,0.248,0.141,9.84116235958289e-12,"Arterial_EC","PEPD"
6.41735009764841e-16,0.492664061653322,0.357,0.24,1.08915265857289e-11,"Arterial_EC","CD55"
7.6264211790574e-16,0.444536008513385,0.359,0.235,1.29435620250962e-11,"Arterial_EC","MYL9"
7.69133652203165e-16,0.312246280228311,0.436,0.303,1.30537363451921e-11,"Arterial_EC","PSMA6"
7.97687365668177e-16,0.283448208154478,0.337,0.22,1.35383499701203e-11,"Arterial_EC","ZEB1"
8.8966174595471e-16,0.354444430031449,0.328,0.208,1.50993391523433e-11,"Arterial_EC","ARL5A"
1.0387798930388e-15,0.362233357969729,0.569,0.432,1.76301723446545e-11,"Arterial_EC","MMRN2"
1.3330727442358e-15,0.381256691374131,0.345,0.224,2.26249106151699e-11,"Arterial_EC","FEZ2"
1.35517360323189e-15,0.348504516268109,0.731,0.61,2.30000063940517e-11,"Arterial_EC","CLEC14A"
1.41278707646941e-15,0.328325389528006,0.311,0.194,2.39778222618388e-11,"Arterial_EC","UBE2J1"
1.47423057521455e-15,0.285150302149012,0.776,0.655,2.50206413225413e-11,"Arterial_EC","SH3BGRL3"
1.74271850850083e-15,0.506567024369763,0.259,0.152,2.9577418526276e-11,"Arterial_EC","TAGLN"
1.84414421175675e-15,0.359089472565652,0.401,0.273,3.12988155619356e-11,"Arterial_EC","LIMS2"
1.96121554472254e-15,0.300843387439419,0.267,0.159,3.32857502250309e-11,"Arterial_EC","IFNAR2"
2.75939410372921e-15,0.275057321406179,0.69,0.558,4.68324367284922e-11,"Arterial_EC","ARPC3"
2.95316447669743e-15,0.259842497983464,0.446,0.319,5.01211074985088e-11,"Arterial_EC","TBCB"
3.9101248177188e-15,0.227340177282602,0.501,0.374,6.63626384063235e-11,"Arterial_EC","EIF5B"
4.29405941333544e-15,0.158203445290838,0.42,0.307,7.28787763631290e-11,"Arterial_EC","TUBB4B"
5.10492556494672e-15,0.45365978643709,0.233,0.133,8.66407966882757e-11,"Arterial_EC","SOS1"
5.40667814439578e-15,0.290643064368346,0.596,0.462,9.17621414666852e-11,"Arterial_EC","NEDD9"
6.25269748183834e-15,0.287992311514624,0.263,0.159,1.0612078166176e-10,"Arterial_EC","ADIPOR2"
8.66042303699581e-15,0.274225729184896,0.783,0.667,1.46984699783893e-10,"Arterial_EC","RNASE1"
1.10474014527619e-14,0.399835337776111,0.327,0.214,1.87496497456275e-10,"Arterial_EC","HSD17B12"
1.11060276386967e-14,0.357533156750807,0.274,0.166,1.8849150108396e-10,"Arterial_EC","SP110"
1.59889522673916e-14,0.163907527939313,0.576,0.452,2.7136449788217e-10,"Arterial_EC","YWHAH"
1.81661704238871e-14,0.265024767417886,0.504,0.374,3.08316244434212e-10,"Arterial_EC","BEX3"
1.90846379987956e-14,0.275943939939731,0.32,0.207,3.23904476115558e-10,"Arterial_EC","EFCAB14"
2.05287710793263e-14,0.340911207950257,0.376,0.255,3.48414302758327e-10,"Arterial_EC","RAD21"
2.20744716747126e-14,0.273100631038476,0.465,0.339,3.74647933263222e-10,"Arterial_EC","AP2M1"
2.37217705739752e-14,0.32019153709281,0.255,0.152,4.02605890181507e-10,"Arterial_EC","PRXL2C"
2.57849671498706e-14,0.355252952556883,0.345,0.228,4.37622462467603e-10,"Arterial_EC","PPP1CA"
3.04405474122352e-14,0.274570631548392,0.516,0.386,5.16636970680455e-10,"Arterial_EC","NDUFB7"
3.09351072450891e-14,0.263258365209642,0.639,0.508,5.25030640163653e-10,"Arterial_EC","ARPC1B"
3.3350748824507e-14,0.30375176293271,0.443,0.317,5.66028909049533e-10,"Arterial_EC","RAP1A"
3.69359253719928e-14,0.277989525994474,0.736,0.614,6.26876525413461e-10,"Arterial_EC","COX7A2"
5.0296908827137e-14,0.310869125324881,0.384,0.264,8.5363913661417e-10,"Arterial_EC","PAXX"
6.04309049268929e-14,0.314243794531519,0.392,0.271,1.02563331841923e-09,"Arterial_EC","BCAP29"
8.18313316619029e-14,0.258502922008856,0.539,0.411,1.38884136096582e-09,"Arterial_EC","MICOS10"
8.30485043731281e-14,0.299164964161519,0.302,0.194,1.40949921622073e-09,"Arterial_EC","MEF2A"
8.86382724544834e-14,0.181141942087252,0.585,0.463,1.50436876009749e-09,"Arterial_EC","NDUFA11"
8.90194286347594e-14,0.318315636034056,0.555,0.426,1.51083774278914e-09,"Arterial_EC","SEPTIN7"
1.30862526309816e-13,0.238519593496406,0.684,0.558,2.2209987965302e-09,"Arterial_EC","NDUFS5"
1.37325478403724e-13,0.278584544522531,0.651,0.525,2.33068801946801e-09,"Arterial_EC","NEDD8"
1.74985595938286e-13,0.287796586219531,0.291,0.185,2.96985553426459e-09,"Arterial_EC","ILK"
2.95822987973361e-13,0.31729110671171,0.448,0.326,5.02070775188388e-09,"Arterial_EC","TUBA1A"
3.21640824897594e-13,0.294042789617667,0.28,0.178,5.45888808016197e-09,"Arterial_EC","CNOT6L"
3.2736572212982e-13,0.346513177776974,0.311,0.203,5.55605103598731e-09,"Arterial_EC","RALB"
3.76419614541189e-13,0.342432816745774,0.374,0.258,6.38859369799306e-09,"Arterial_EC","THSD7A"
4.73073818719632e-13,0.356128187975776,0.284,0.183,8.02900885130959e-09,"Arterial_EC","CCN3"
5.46503751702735e-13,0.300206575598393,0.359,0.247,9.27526167389882e-09,"Arterial_EC","NRN1"
5.7647098861065e-13,0.199431771433026,0.544,0.425,9.78386561869995e-09,"Arterial_EC","CHMP2A"
6.13311684742218e-13,0.344273488291426,0.401,0.284,1.04091259134449e-08,"Arterial_EC","TMED10"
6.2201008684807e-13,0.262333278565171,0.527,0.404,1.05567551939854e-08,"Arterial_EC","PSMA4"
7.82802198680136e-13,0.321357003359618,0.284,0.181,1.32857189159993e-08,"Arterial_EC","PIN1"
8.6303267585374e-13,0.15226448524918,0.607,0.493,1.46473905745897e-08,"Arterial_EC","BRK1"
8.98410295718305e-13,0.260101815102808,0.322,0.217,1.52478195389311e-08,"Arterial_EC","COL18A1"
9.27662589891118e-13,0.311756829343214,0.719,0.608,1.57442894756321e-08,"Arterial_EC","SELENOW"
1.1236247991928e-12,0.239997604100478,0.734,0.618,1.90701600919003e-08,"Arterial_EC","ELOB"
1.14752671491778e-12,0.166272224380572,0.405,0.301,1.94758234055845e-08,"Arterial_EC","CIAO2B"
1.19294669817041e-12,0.25960516456266,0.47,0.351,2.02466913613482e-08,"Arterial_EC","SP100"
1.32002197606588e-12,0.275418503012813,0.292,0.19,2.24034129777901e-08,"Arterial_EC","AIDA"
1.42830382351029e-12,0.24755781954903,0.442,0.327,2.42411724926166e-08,"Arterial_EC","SLC25A5"
1.52504295306225e-12,0.247298054823601,0.43,0.314,2.58830289993726e-08,"Arterial_EC","DNAJC8"
1.54342179845934e-12,0.167366648221888,0.478,0.367,2.61949547634519e-08,"Arterial_EC","MIDN"
1.76511896477848e-12,0.200969831451324,0.375,0.269,2.99575990702203e-08,"Arterial_EC","EFNA1"
1.78954220035934e-12,0.347139815935568,0.509,0.39,3.03721102244987e-08,"Arterial_EC","CSNK1A1"
1.80227869699299e-12,0.300163438621972,0.369,0.257,3.0588274045365e-08,"Arterial_EC","TAX1BP3"
2.207213830502e-12,0.199880241864565,0.449,0.336,3.74608331312799e-08,"Arterial_EC","TMED9"
2.67873882630076e-12,0.249012770621886,0.475,0.359,4.54635553599764e-08,"Arterial_EC","NR4A1"
2.77524605715835e-12,0.227777850140363,0.678,0.559,4.71014760820915e-08,"Arterial_EC","NDUFA13"
2.80336545488087e-12,0.313866697908082,0.477,0.357,4.75787185002382e-08,"Arterial_EC","RHEB"
3.18728477210876e-12,0.265620736078734,0.5,0.38,5.40945971522298e-08,"Arterial_EC","BLOC1S1"
3.51607352578204e-12,0.266315779647558,0.38,0.27,5.96747998795728e-08,"Arterial_EC","SYNGR2"
3.57851745167065e-12,0.322109507469063,0.32,0.215,6.07345981897543e-08,"Arterial_EC","NOSIP"
3.69574827003124e-12,0.233462292196227,0.663,0.545,6.27242396389703e-08,"Arterial_EC","CDC42"
4.00963724045664e-12,0.227667084761364,0.526,0.409,6.80515632450301e-08,"Arterial_EC","DBI"
4.1718059060036e-12,0.232940606609064,0.696,0.58,7.08038898366931e-08,"Arterial_EC","PSMA7"
4.19639747094516e-12,0.228234047108159,0.482,0.367,7.12212578768812e-08,"Arterial_EC","C9orf16"
4.95957295280073e-12,0.199860108750833,0.586,0.468,8.41738721549341e-08,"Arterial_EC","LAMTOR5"
5.32397255562605e-12,0.350386481120876,0.545,0.428,9.03584622140853e-08,"Arterial_EC","TUBB"
5.4872336351707e-12,0.17747296021608,0.51,0.398,9.31293292561171e-08,"Arterial_EC","BSG"
5.84054715502583e-12,0.28265616036561,0.453,0.337,9.91257663150983e-08,"Arterial_EC","RNF7"
6.49213909494442e-12,0.157444518281393,0.534,0.421,1.10184584719397e-07,"Arterial_EC","NDUFB8"
7.15384406418785e-12,0.308308846338197,0.665,0.553,1.21415041457396e-07,"Arterial_EC","GIMAP4"
8.07799244554776e-12,0.282075838168476,0.307,0.205,1.37099687785837e-07,"Arterial_EC","LRRC8A"
8.45893891206411e-12,0.259376433446516,0.574,0.455,1.43565111215552e-07,"Arterial_EC","FAM107A"
9.52906837538525e-12,0.195822118917342,0.49,0.376,1.61727348467039e-07,"Arterial_EC","CTNNA1"
9.70708329938319e-12,0.266893537300695,0.311,0.209,1.64748617757132e-07,"Arterial_EC","PDAP1"
1.03049479194948e-11,0.183369398110347,0.373,0.27,1.74895576089667e-07,"Arterial_EC","ZC3H15"
1.03155691586948e-11,0.212233221631699,0.542,0.426,1.75075839761369e-07,"Arterial_EC","ANXA5"
1.06481058077365e-11,0.173192653285814,0.432,0.324,1.80719651768903e-07,"Arterial_EC","NDUFB3"
1.06790273930328e-11,0.19811805899813,0.385,0.282,1.81244452914552e-07,"Arterial_EC","NDUFAB1"
1.07765968173508e-11,0.186968919416672,0.448,0.339,1.82900401184078e-07,"Arterial_EC","ELF1"
1.35652561991174e-11,0.292931786149792,0.339,0.235,2.3022952821142e-07,"Arterial_EC","AP1S2"
1.35914668550538e-11,0.282464278047545,0.324,0.222,2.30674375463973e-07,"Arterial_EC","WDR1"
1.41005910368944e-11,0.195191230759875,0.731,0.621,2.39315231078172e-07,"Arterial_EC","ENG"
1.41544906331985e-11,0.272882166838214,0.316,0.215,2.40230015026644e-07,"Arterial_EC","SIGIRR"
1.6250037579735e-11,0.223553266509372,0.387,0.279,2.75795637803262e-07,"Arterial_EC","CLTB"
2.05116469275491e-11,0.295344054027965,0.316,0.215,3.48123671654363e-07,"Arterial_EC","RILPL2"
2.25467659878662e-11,0.18744933960848,0.527,0.415,3.82663712346065e-07,"Arterial_EC","CFLAR"
2.30319787453381e-11,0.199887182214734,0.332,0.232,3.90898743265879e-07,"Arterial_EC","NDUFA7"
2.65302969459796e-11,0.299034655744203,0.503,0.389,4.50272199767167e-07,"Arterial_EC","IFNGR1"
3.19934659179266e-11,0.352803740934863,0.353,0.249,5.42993103559051e-07,"Arterial_EC","OAZ2"
3.2244273651559e-11,0.211179932843391,0.635,0.52,5.4724981241426e-07,"Arterial_EC","DAD1"
3.38668520074684e-11,0.25096465124135,0.42,0.311,5.74788212270754e-07,"Arterial_EC","RNF181"
3.49032475664096e-11,0.310056119957894,0.57,0.456,5.92377917697104e-07,"Arterial_EC","LGALS3"
3.58307165771989e-11,0.198475309841918,0.382,0.282,6.0811892174822e-07,"Arterial_EC","ACVRL1"
3.75999679243979e-11,0.279637414125988,0.481,0.368,6.38146655612881e-07,"Arterial_EC","SARAF"
5.7731835625138e-11,0.229642624185647,0.343,0.243,9.79824714229842e-07,"Arterial_EC","RNASEH2C"
8.62799711886646e-11,0.200078735308965,0.503,0.393,1.46434367101402e-06,"Arterial_EC","FKBP2"
8.68097969630135e-11,0.160646643581502,0.712,0.604,1.47333587405627e-06,"Arterial_EC","LMNA"
8.80258855169812e-11,0.157163237741837,0.754,0.652,1.4939753289942e-06,"Arterial_EC","UBL5"
1.3257789193851e-10,0.229299002822474,0.586,0.474,2.25011198198039e-06,"Arterial_EC","WSB1"
1.50956011942529e-10,0.210113853018044,0.457,0.351,2.5620254346886e-06,"Arterial_EC","LIMCH1"
1.52774959784668e-10,0.18388202643192,0.609,0.501,2.59289661746539e-06,"Arterial_EC","NOP10"
1.71470916012673e-10,0.208494739276947,0.495,0.386,2.91020438656708e-06,"Arterial_EC","GRN"
1.82982538604862e-10,0.206187558717209,0.606,0.497,3.10557964520172e-06,"Arterial_EC","ECSCR"
1.84371922099357e-10,0.167244004229553,0.43,0.328,3.12916026187029e-06,"Arterial_EC","SH3GLB1"
2.13281833130524e-10,0.271370097618955,0.681,0.573,3.61981927189125e-06,"Arterial_EC","DDIT4"
2.45593453130992e-10,0.164684348007388,0.449,0.349,4.16821208653919e-06,"Arterial_EC","SCP2"
3.85144001712941e-10,0.224051330718049,0.414,0.312,6.53666399707203e-06,"Arterial_EC","VPS29"
3.97363300503926e-10,0.23980209632229,0.518,0.409,6.74404993615263e-06,"Arterial_EC","VAPA"
4.41326938070444e-10,0.221001739592932,0.608,0.5,7.49020079293158e-06,"Arterial_EC","MGST2"
4.93360331330642e-10,0.246801892853766,0.447,0.341,8.37331154334366e-06,"Arterial_EC","EIF3G"
5.31540034087174e-10,0.264326308075466,0.622,0.516,9.02129745852751e-06,"Arterial_EC","RABAC1"
5.9374183314686e-10,0.24272704010077,0.477,0.37,1.00769863921685e-05,"Arterial_EC","SERPINB6"
6.23125019291679e-10,0.200338193529102,0.502,0.398,1.05756778274184e-05,"Arterial_EC","ATOX1"
9.34734627173099e-10,0.221999562179279,0.491,0.385,1.58643160923818e-05,"Arterial_EC","RAB2A"
1.1575345456334e-09,0.182861911499303,0.653,0.548,1.96456763084901e-05,"Arterial_EC","YWHAB"
1.35367748317863e-09,0.293082065151308,0.415,0.313,2.29746142445077e-05,"Arterial_EC","MALL"
1.4975918403776e-09,0.22392156287573,0.487,0.383,2.54171287148887e-05,"Arterial_EC","CHURC1"
1.53354616025958e-09,0.223443078775557,0.566,0.462,2.60273454319257e-05,"Arterial_EC","HSPA8"
1.93098088171157e-09,0.190557433413922,0.49,0.387,3.27726075244088e-05,"Arterial_EC","SRP9"
3.02181469492577e-09,0.193447235386633,0.583,0.48,5.12862390022802e-05,"Arterial_EC","PSMB1"
3.08068096708655e-09,0.165462401127502,0.558,0.456,5.2285317373393e-05,"Arterial_EC","NAA38"
3.17204249200336e-09,0.197797538111961,0.508,0.405,5.3835905174281e-05,"Arterial_EC","ZNHIT1"
3.31355766586578e-09,0.167282235879223,0.538,0.438,5.6237700705074e-05,"Arterial_EC","ATP5PO"
1.53277903833756e-08,0.210056891889964,0.535,0.435,0.000260143258386651,"Arterial_EC","PSMB3"
5.50691688257917e-75,1.77596352988059,0.983,0.867,9.34633933311337e-71,"EHT_EC","MT2A"
1.74328038536037e-61,1.73592336621077,0.954,0.631,2.95869547003362e-57,"EHT_EC","MT1X"
6.78960931279661e-61,1.81373129022596,0.871,0.576,1.15233249256784e-56,"EHT_EC","MT1E"
1.56027259198779e-57,1.99754403843609,0.344,0.218,2.64809464312167e-53,"EHT_EC","KRT18"
5.55215266349776e-57,1.89818223524948,0.369,0.241,9.4231135004884e-53,"EHT_EC","KRT8"
1.59759902829493e-52,2.35686477095325,0.299,0.147,2.71144507082216e-48,"EHT_EC","KRT19"
9.87585299667746e-43,2.61836598440487,0.307,0.178,1.6761297705961e-38,"EHT_EC","FN1"
1.10614225946567e-42,2.43359547761932,0.266,0.092,1.87734464276513e-38,"EHT_EC","SERPINA1"
1.76680055276784e-40,1.85742723089941,0.249,0.029,2.99861389815758e-36,"EHT_EC","TGFBI"
1.15311571443071e-36,1.84587847843617,0.261,0.127,1.9570679905318e-32,"EHT_EC","ACTA2"
1.02000687112684e-33,2.03991244786816,0.295,0.094,1.73115566167647e-29,"EHT_EC","COL1A2"
5.35093030959321e-33,2.19908973412281,0.253,0.097,9.08159892144159e-29,"EHT_EC","MT1G"
7.64652665317838e-33,1.59415182590651,0.207,0.018,1.29776850357743e-28,"EHT_EC","THBS2"
2.0109262145775e-32,1.73821738029463,0.328,0.076,3.41294397138094e-28,"EHT_EC","RARRES2"
5.39465033853703e-32,1.56076440904229,0.394,0.156,9.15580055456504e-28,"EHT_EC","NUPR1"
1.45110874666499e-31,2.12946882999733,0.212,0.078,2.46282176483982e-27,"EHT_EC","KRT7"
4.72924470190724e-31,2.059690952924,0.299,0.097,8.02647410807697e-27,"EHT_EC","COL1A1"
5.16540563069112e-31,2.43139654827353,0.237,0.079,8.76672643640896e-27,"EHT_EC","LCN2"
1.1364632918104e-30,1.69736897684262,0.307,0.105,1.92880549886061e-26,"EHT_EC","TPM2"
1.23576270819523e-30,1.53601092145813,0.207,0.041,2.09733646834894e-26,"EHT_EC","PDZK1IP1"
4.31377957852714e-30,1.37373004784367,0.32,0.084,7.32134670067626e-26,"EHT_EC","CD44"
2.48568988070826e-28,1.31448338671998,0.324,0.082,4.21871286553806e-24,"EHT_EC","PERP"
3.46270902963429e-28,1.19839337495446,0.29,0.056,5.87690976509532e-24,"EHT_EC","VEGFA"
3.86007441167372e-28,1.91295657747705,0.332,0.106,6.55131829149264e-24,"EHT_EC","MT1F"
4.36018047117519e-28,1.38950772831346,0.278,0.144,7.40009829567854e-24,"EHT_EC","CD24"
4.6140777252286e-28,1.54055925235315,0.232,0.096,7.83101271525799e-24,"EHT_EC","TACSTD2"
7.93146719418199e-28,1.85464877999469,0.324,0.162,1.34612861219657e-23,"EHT_EC","TAGLN"
3.9565997623381e-27,1.9158138308051,0.278,0.108,6.71514111664023e-23,"EHT_EC","COL3A1"
4.13548734987886e-27,1.17794182680721,0.257,0.064,7.0187491302144e-23,"EHT_EC","SMIM22"
7.14069144973936e-26,1.46105607978134,0.278,0.089,1.21191815284976e-21,"EHT_EC","C1S"
1.77074560562036e-24,1.66317596426881,0.195,0.033,3.00530944185888e-20,"EHT_EC","COL6A3"
3.2279349819021e-24,0.800426176494513,0.22,0.035,5.47845125128424e-20,"EHT_EC","DSG2"
8.97462120596475e-24,1.75761796774813,0.303,0.125,1.52317271107634e-19,"EHT_EC","LUM"
1.4001415704796e-23,1.16621056881398,0.245,0.054,2.37632027341798e-19,"EHT_EC","C3"
5.84542533162946e-23,1.75434622935335,0.187,0.057,9.92085587284152e-19,"EHT_EC","C15orf48"
1.7783059008006e-22,1.4908731358503,0.29,0.109,3.01814077483878e-18,"EHT_EC","DCN"
1.48673244481286e-21,0.791167345884858,0.116,0.007,2.52328230533639e-17,"EHT_EC","COL11A1"
1.86095376283887e-21,1.29440524525736,0.232,0.079,3.15841072629013e-17,"EHT_EC","AEBP1"
9.91447255009332e-21,0.470336822070336,0.145,0.015,1.68268428120184e-16,"EHT_EC","PKP3"
1.60826145238003e-20,0.530856613775764,0.158,0.02,2.72954133697938e-16,"EHT_EC","CHPF"
2.13570087296295e-20,0.871283298511151,0.141,0.016,3.62471152159272e-16,"EHT_EC","LAMB3"
2.67406675617214e-20,1.17883671982114,0.324,0.136,4.53842609857535e-16,"EHT_EC","TNFRSF12A"
2.90365431797827e-20,1.27296771773485,0.158,0.019,4.92808210847272e-16,"EHT_EC","INHBA"
3.83868869729645e-20,1.14482090885231,0.415,0.232,6.51502245705154e-16,"EHT_EC","CEBPB"
1.88182678251203e-19,0.689915158323652,0.116,0.009,3.19383641527941e-15,"EHT_EC","MXRA8"
2.24658720566509e-19,0.952774710922119,0.212,0.043,3.81290780545479e-15,"EHT_EC","FHL2"
2.73191372966222e-19,0.33250703281138,0.158,0.027,4.63660398198271e-15,"EHT_EC","TMEM98"
3.61972335500366e-19,0.826446828840763,0.207,0.041,6.14339447811221e-15,"EHT_EC","HNMT"
4.38143781635379e-19,1.29481992403335,0.12,0.01,7.43617626191566e-15,"EHT_EC","GREM1"
4.41430174332909e-19,0.423529697451304,0.116,0.009,7.49195291877813e-15,"EHT_EC","CDCP1"
4.558426927508e-19,0.981768321183795,0.183,0.036,7.73656218136657e-15,"EHT_EC","SERINC2"
6.01059141115147e-19,1.08132754620091,0.286,0.093,1.02011757430063e-14,"EHT_EC","ERO1A"
1.40317769797323e-18,0.829513472474439,0.129,0.014,2.38147318900016e-14,"EHT_EC","TMC5"
1.45254359301276e-18,1.15336205499886,0.295,0.133,2.46525698606126e-14,"EHT_EC","SPINT2"
2.05850791443109e-18,1.30316127646358,0.207,0.053,3.49369963237245e-14,"EHT_EC","CCDC80"
2.32403731337497e-18,1.23321069598473,0.145,0.025,3.94435612825999e-14,"EHT_EC","F3"
3.09925703705769e-18,1.17816604642682,0.307,0.167,5.26005904329432e-14,"EHT_EC","C1R"
3.63695994706262e-18,0.867476031197115,0.124,0.015,6.17264842215468e-14,"EHT_EC","MMP11"
4.38184765228022e-18,1.04584540659713,0.44,0.298,7.43687183544999e-14,"EHT_EC","CTSB"
5.00062451823966e-18,1.08059393271746,0.124,0.016,8.48705993235635e-14,"EHT_EC","LAMC2"
6.56591389097152e-18,0.772392150411371,0.158,0.024,1.11436690557569e-13,"EHT_EC","CAMK2N1"
8.59597655945502e-18,0.570819953935838,0.112,0.01,1.45890914167071e-13,"EHT_EC","ANTXR1"
8.87768025093169e-18,1.08007343661326,0.17,0.03,1.50671989218813e-13,"EHT_EC","VCAN"
9.08965298157986e-18,1.12173348987107,0.12,0.012,1.54269590403373e-13,"EHT_EC","TMEM158"
9.35060404596058e-18,0.993632856273295,0.282,0.084,1.58698451868043e-13,"EHT_EC","LGALS3BP"
1.08177503889234e-17,1.15895675559978,0.22,0.089,1.83598859600808e-13,"EHT_EC","CLDN4"
1.10190695222936e-17,0.397726103114605,0.145,0.022,1.87015647932367e-13,"EHT_EC","SDC1"
1.26277977907928e-17,0.464100211427053,0.162,0.027,2.14318984105335e-13,"EHT_EC","CD68"
1.92116576440514e-17,1.01223529980742,0.295,0.157,3.26060253534841e-13,"EHT_EC","VAMP8"
2.16580988418168e-17,0.588009601502421,0.158,0.025,3.67581253543315e-13,"EHT_EC","FRMD6"
4.5788211081649e-17,0.512294515940168,0.129,0.018,7.77117518477748e-13,"EHT_EC","MXRA5"
4.66261190009255e-17,0.444996683266105,0.133,0.017,7.91338491683708e-13,"EHT_EC","KRTCAP3"
7.3101323716131e-17,1.08673583541701,0.249,0.12,1.24067566611018e-12,"EHT_EC","EPCAM"
8.15906639958389e-17,0.968036905753562,0.183,0.043,1.38475674933738e-12,"EHT_EC","CLDN7"
1.58986327012308e-16,1.08596381074187,0.187,0.055,2.69831594205289e-12,"EHT_EC","MUC1"
1.6899916869968e-16,1.04893654952685,0.353,0.137,2.86825389117097e-12,"EHT_EC","ERRFI1"
1.81316863468325e-16,0.661733465736441,0.149,0.023,3.07730980678442e-12,"EHT_EC","MGST1"
2.7838806043623e-16,0.663056108620041,0.174,0.033,4.72480216172369e-12,"EHT_EC","CDH1"
3.0357346781728e-16,0.764268143089162,0.137,0.019,5.15224889579487e-12,"EHT_EC","GLIPR1"
5.10996249236764e-16,0.871307974972182,0.12,0.018,8.67262834204636e-12,"EHT_EC","CTSK"
7.33053984413018e-16,0.77476344823258,0.49,0.385,1.24413922234577e-11,"EHT_EC","UQCR10"
1.07892328643341e-15,0.784119349566838,0.166,0.031,1.83114860173479e-11,"EHT_EC","RAB11FIP1"
1.18069900006132e-15,1.40778044978596,0.203,0.098,2.00388234290408e-11,"EHT_EC","CTHRC1"
1.41424322355354e-15,1.30815001977916,0.241,0.108,2.40025359901508e-11,"EHT_EC","BGN"
2.67589964288498e-15,0.995710313969747,0.369,0.25,4.54153687390439e-11,"EHT_EC","CTSD"
2.97533011245957e-15,0.518282440309317,0.137,0.021,5.04973026686638e-11,"EHT_EC","SLC2A1"
7.57158352605463e-15,1.42266814991266,0.203,0.081,1.28504915604199e-10,"EHT_EC","SFRP2"
8.32967661632581e-15,0.428351941603121,0.141,0.024,1.41371271532282e-10,"EHT_EC","PRSS8"
2.72769402698931e-14,0.802831568522199,0.199,0.051,4.62944230260626e-10,"EHT_EC","SDC4"
5.29831524702458e-14,0.617242513289788,0.183,0.045,8.99230063725012e-10,"EHT_EC","LMO7"
5.42158004821036e-14,0.825163207894303,0.124,0.021,9.20150565782262e-10,"EHT_EC","SFN"
6.15938012059093e-14,0.392214746822983,0.129,0.023,1.04536999406669e-09,"EHT_EC","RUNX1"
7.34002943660949e-14,0.432625084047127,0.137,0.025,1.24574979598136e-09,"EHT_EC","ERBB3"
1.46957537130326e-13,0.827468251944122,0.212,0.06,2.49416332017589e-09,"EHT_EC","PHLDA2"
1.78414428805321e-13,0.701488946851283,0.22,0.064,3.0280496856839e-09,"EHT_EC","TSTD1"
2.30041645057427e-13,1.1223938317611,0.241,0.105,3.90426679991465e-09,"EHT_EC","SLPI"
2.83450190405953e-13,0.648793354756926,0.245,0.08,4.81071663156983e-09,"EHT_EC","PLOD2"
2.95729838324552e-13,0.562160870353808,0.137,0.025,5.01912681604429e-09,"EHT_EC","LRP1"
4.72974311215074e-13,0.799163310013769,0.133,0.028,8.02732000994223e-09,"EHT_EC","GPNMB"
7.20949801451951e-13,0.962511202894549,0.149,0.039,1.22359600302425e-08,"EHT_EC","COL5A2"
9.04522695544195e-13,1.05519084242486,0.274,0.122,1.53515591887761e-08,"EHT_EC","ELF3"
1.61222019496805e-12,0.700587399141784,0.195,0.055,2.73626011489977e-08,"EHT_EC","RHOBTB3"
1.71974148719244e-12,0.691105740147498,0.149,0.033,2.918745252063e-08,"EHT_EC","FSTL3"
1.72071468621245e-12,1.10146500590653,0.299,0.141,2.92039696543978e-08,"EHT_EC","ATP1B1"
2.07213963467547e-12,1.78859020589017,0.245,0.099,3.5168353879712e-08,"EHT_EC","IGFBP5"
2.807466741797e-12,0.676007408485713,0.158,0.037,4.76483255417787e-08,"EHT_EC","SPINT1"
2.99356157937222e-12,0.268204749688903,0.129,0.029,5.08067271251052e-08,"EHT_EC","P4HA2"
6.35336963982253e-12,0.75842399580195,0.158,0.041,1.07829389527068e-07,"EHT_EC","PCOLCE"
8.3307986679678e-12,0.32432500624361,0.129,0.028,1.4139031499275e-07,"EHT_EC","ST14"
1.08717393708473e-11,0.834224296983642,0.253,0.099,1.8451516060202e-07,"EHT_EC","SMS"
1.29323041440154e-11,0.78691172378499,0.253,0.102,2.1948706593223e-07,"EHT_EC","EIF4EBP1"
1.77575489080203e-11,1.06648722195613,0.456,0.328,3.0138112006692e-07,"EHT_EC","SOD2"
2.01329211658244e-11,0.946553967832196,0.274,0.153,3.41695938026372e-07,"EHT_EC","NBL1"
2.91205592787911e-11,0.534681368808657,0.154,0.038,4.94234132079642e-07,"EHT_EC","PTPRF"
4.81372711038875e-11,0.680398502675749,0.187,0.058,8.16985765175178e-07,"EHT_EC","ITGA3"
4.89826435968004e-11,0.819934647039671,0.174,0.049,8.31333427124896e-07,"EHT_EC","RND3"
6.32774279010638e-11,0.813716247461287,0.299,0.171,1.07394450633685e-06,"EHT_EC","PLP2"
6.33430422931208e-11,0.604492015732984,0.178,0.052,1.07505811379885e-06,"EHT_EC","CAPG"
7.53773882241285e-11,0.495914856490362,0.137,0.033,1.27930503293991e-06,"EHT_EC","LURAP1L"
8.63819007078824e-11,0.751371234264042,0.145,0.036,1.46607361881418e-06,"EHT_EC","CLDN1"
1.10554177023428e-10,0.790738094889768,0.158,0.055,1.87632549244162e-06,"EHT_EC","SERPINF1"
2.11023659479794e-10,0.807838544818477,0.278,0.177,3.58149354869107e-06,"EHT_EC","RBP1"
4.71681870778539e-10,0.76447770872097,0.137,0.036,8.00538471085336e-06,"EHT_EC","S100A14"
6.13307195398359e-10,0.560851921826034,0.133,0.032,1.04090497203009e-05,"EHT_EC","RAB25"
7.24062212483746e-10,0.529316614290991,0.141,0.037,1.22887838702741e-05,"EHT_EC","CKB"
9.27313927973555e-10,1.55320374709108,0.162,0.048,1.57383719855672e-05,"EHT_EC","CXCL8"
1.07686225429142e-09,0.605590310322569,0.149,0.041,1.82765061798339e-05,"EHT_EC","EGLN3"
1.26473893447157e-09,0.716181362045615,0.22,0.083,2.14651491958514e-05,"EHT_EC","THBS1"
1.33991252145263e-09,0.510654009481296,0.178,0.059,2.2740995314094e-05,"EHT_EC","IRS2"
1.38250902522146e-09,0.661260055362839,0.145,0.04,2.34639431760586e-05,"EHT_EC","MAL2"
1.61946094127552e-09,0.433189871074405,0.154,0.049,2.74854910953282e-05,"EHT_EC","ENC1"
1.76771750125544e-09,0.67821746647164,0.166,0.053,3.00017014313073e-05,"EHT_EC","DMKN"
1.82997582231566e-09,0.703219079808752,0.245,0.104,3.10583496563415e-05,"EHT_EC","SLC16A3"
2.99340503046457e-09,0.500574397043912,0.162,0.05,5.08040701770447e-05,"EHT_EC","ABCC3"
3.07403961787761e-09,0.682912407595677,0.174,0.057,5.21726003946188e-05,"EHT_EC","PALLD"
3.10689725442124e-09,0.928359134815403,0.141,0.04,5.27302602020373e-05,"EHT_EC","CRYAB"
3.2943965404961e-09,0.548928582038824,0.241,0.098,5.59124980852999e-05,"EHT_EC","PLAUR"
6.151484116567e-09,0.874790720636674,0.174,0.067,0.000104402988426375,"EHT_EC","SOD3"
7.82539569937938e-09,0.638237699398006,0.154,0.048,0.000132812615809867,"EHT_EC","DUOX2"
8.21389372311744e-09,0.814038867579322,0.299,0.176,0.000139406204268749,"EHT_EC","HCFC1R1"
4.73378438634136e-08,0.405703025248052,0.183,0.071,0.000803417886049856,"EHT_EC","TMED3"
7.47741624299607e-08,1.18705951460708,0.216,0.111,0.00126906708476129,"EHT_EC","FXYD3"
8.17810727429359e-08,0.415063593094003,0.216,0.096,0.00138798836659311,"EHT_EC","PLXNB2"
1.02700863404066e-07,0.335293283453178,0.187,0.074,0.0017430390536938,"EHT_EC","NBPF14"
1.19298825619402e-07,0.613226008828237,0.162,0.061,0.00202473966841249,"EHT_EC","WFDC2"
1.3111479258748e-07,0.37806893803198,0.166,0.064,0.00222528025979471,"EHT_EC","RASSF7"
1.31998655037772e-07,0.563018095812342,0.154,0.053,0.00224028117330106,"EHT_EC","PTK7"
1.49329357864583e-07,0.696226615349697,0.241,0.134,0.0025344178616777,"EHT_EC","PMEPA1"
1.62655785004356e-07,0.66828750124359,0.237,0.119,0.00276059398309393,"EHT_EC","EZR"
6.28494549193243e-07,0.564078269794742,0.212,0.095,0.0106668094889077,"EHT_EC","NT5C"
7.90709151819869e-07,0.506080857579359,0.17,0.068,0.0134199157246868,"EHT_EC","P4HA1"
8.26050911705927e-07,0.620558360458667,0.286,0.157,0.014019736073473,"EHT_EC","MZT2A"
9.0830166991588e-07,0.263129831864065,0.705,0.841,0.0154156959418123,"EHT_EC","INS"
1.03340605678825e-06,1.21505938367556,0.282,0.179,0.0175389675958101,"EHT_EC","MT1A"
1.89981971212882e-06,0.741583464362268,0.423,0.533,0.0322437401542503,"EHT_EC","FXYD2"
2.06896634120647e-06,0.566224025376778,0.183,0.08,0.0351144967429562,"EHT_EC","SLC39A14"
2.23133441373718e-06,0.372741398984124,0.195,0.091,0.0378702076699473,"EHT_EC","LMO4"
2.97556445462094e-06,0.660241282023676,0.286,0.167,0.0505012799238265,"EHT_EC","C12orf75"
3.40534481690391e-06,0.612887401728593,0.191,0.086,0.0577955122324932,"EHT_EC","LBH"
6.00265256557239e-06,0.561031732657338,0.261,0.142,0.101877019342895,"EHT_EC","BLVRB"
6.10588674801952e-06,0.449414281836058,0.27,0.147,0.103629109887387,"EHT_EC","TGIF1"
1.92775639091104e-05,0.431539736607251,0.241,0.133,0.327178814665422,"EHT_EC","VTI1B"
1.93901780359623e-05,0.657070062466782,0.27,0.152,0.329090101626353,"EHT_EC","MMP14"
2.07266491869194e-05,0.54334893439804,0.241,0.128,0.351772690000397,"EHT_EC","GPI"
3.55818544616448e-05,0.67367656542372,0.315,0.205,0.603895233923036,"EHT_EC","IER3"
6.03181085911676e-05,0.506857313510656,0.34,0.23,1,"EHT_EC","VDAC1"
7.21486932360648e-05,0.307338990945288,0.651,0.757,1,"EHT_EC","NABP1"
0.000159788676732854,0.53106915410204,0.278,0.172,1,"EHT_EC","FAM162A"
0.000162366724798235,0.358346880154118,0.261,0.155,1,"EHT_EC","IDS"
0.000476187380602083,0.483641701350547,0.295,0.189,1,"EHT_EC","MRPL27"
0.001795871270388,0.588613211894362,0.411,0.31,1,"EHT_EC","SPP1"
